name,team,year,games_played,comp,att,comp_pct,yds,avg_yds_per_att,td,int,pass_rating,rush_att,rush_yds,rush_avg,rush_td,full_name,year_signed,percent_of_cap,Player,Age,td_perc,int_perc,fir_dn_throws,lng_comp,yds_per_comp,yds_per_gm,QBR,Sk,4QC,GWD,win,loss,wild_card,div_rnd,conf_rnd,superbowl,superbowl_win,win_perc,loss_perc,td_per_game,sk_per_game
Blaine Gabbert,JAX,2011,15.0,210.0,413.0,50.8,2214.0,5.4,12.0,11.0,65.38,48.0,98.0,2.0,0.0,Blaine Gabbert,2011,1.4,Blaine Gabbert,22,2.9,2.7,111,74,10.5,147.6,22.2,40,0.0,0.0,4,10,0.0,0.0,0.0,0.0,0.0,0.27,0.67,0.8,2.67
Blaine Gabbert,JAX,2012,10.0,162.0,278.0,58.3,1662.0,6.0,9.0,6.0,77.35,18.0,56.0,3.1,0.0,Blaine Gabbert,2015,1.4,Blaine Gabbert,23,3.2,2.2,72,80,10.3,166.2,36.1,22,1.0,1.0,1,9,0.0,0.0,0.0,0.0,0.0,0.1,0.9,0.9,2.2
Blaine Gabbert,SF,2015,8.0,178.0,282.0,63.1,2031.0,7.2,10.0,7.0,86.17,32.0,185.0,5.8,1.0,Blaine Gabbert,2015,0.5,Blaine Gabbert,26,3.5,2.5,85,71,11.4,253.9,37.6,25,2.0,2.0,3,5,0.0,0.0,0.0,0.0,0.0,0.38,0.62,1.25,3.12
Blaine Gabbert,SF,2016,6.0,91.0,160.0,56.9,925.0,5.8,5.0,6.0,68.36,40.0,173.0,4.3,2.0,Blaine Gabbert,2017,0.5,Blaine Gabbert,27,3.1,3.8,50,75,10.2,154.2,54.1,11,0.0,0.0,1,4,0.0,0.0,0.0,0.0,0.0,0.17,0.67,0.83,1.83
Blaine Gabbert,ARI,2017,5.0,95.0,171.0,55.6,1086.0,6.4,6.0,6.0,71.92,22.0,82.0,3.7,0.0,Blaine Gabbert,2017,0.5,Blaine Gabbert,28,3.5,3.5,55,52,11.4,217.2,34.0,23,2.0,2.0,2,3,0.0,0.0,0.0,0.0,0.0,0.4,0.6,1.2,4.6
Michael Vick,PHI,2010,12.0,233.0,372.0,62.6,3018.0,8.1,21.0,6.0,100.18,100.0,676.0,6.8,9.0,Michael Vick,2011,13.3,Michael Vick,30,5.6,1.6,119,91,13.0,251.5,65.0,34,4.0,3.0,8,3,1.0,0.0,0.0,0.0,0.0,0.67,0.25,1.75,2.83
Michael Vick,PHI,2011,13.0,253.0,423.0,59.8,3303.0,7.8,18.0,14.0,84.86,74.0,590.0,8.0,1.0,Michael Vick,2011,6.1,Michael Vick,31,4.3,3.3,154,73,13.1,254.1,60.9,23,0.0,0.0,7,6,0.0,0.0,0.0,0.0,0.0,0.54,0.46,1.38,1.77
Michael Vick,PHI,2012,10.0,204.0,351.0,58.1,2362.0,6.7,12.0,10.0,78.08,62.0,332.0,5.4,1.0,Michael Vick,2013,6.1,Michael Vick,32,3.4,2.8,115,77,11.6,236.2,47.0,28,3.0,3.0,3,7,0.0,0.0,0.0,0.0,0.0,0.3,0.7,1.2,2.8
Michael Vick,PHI,2013,7.0,77.0,141.0,54.6,1215.0,8.6,5.0,3.0,86.45,36.0,306.0,8.5,2.0,Michael Vick,2013,3.0,Michael Vick,33,3.5,2.1,52,70,15.8,173.6,53.5,15,0.0,0.0,2,4,1.0,0.0,0.0,0.0,0.0,0.29,0.57,0.71,2.14
Michael Vick,NYJ,2014,10.0,64.0,121.0,52.9,604.0,5.0,3.0,2.0,68.34,26.0,153.0,5.9,0.0,Michael Vick,2014,3.0,Michael Vick,34,2.5,1.7,33,67,9.4,60.4,21.4,19,0.0,0.0,1,2,0.0,0.0,0.0,0.0,0.0,0.1,0.2,0.3,1.9
Jimmy Clausen,CAR,2010,13.0,157.0,299.0,52.5,1558.0,5.2,3.0,9.0,58.35,23.0,57.0,2.5,0.0,Jimmy Clausen,2015,0.8,Jimmy Clausen,23,1.0,3.0,73,55,9.9,119.8,13.8,33,0.0,0.0,1,9,0.0,0.0,0.0,0.0,0.0,0.08,0.69,0.23,2.54
Jimmy Clausen,BAL,2015,4.0,72.0,125.0,57.6,739.0,5.9,2.0,4.0,66.72,11.0,36.0,3.3,0.0,Jimmy Clausen,2015,0.8,Jimmy Clausen,28,1.6,3.2,0,48,10.3,184.8,26.6,7,0.0,0.0,0,3,0.0,0.0,0.0,0.0,0.0,0.0,0.75,0.5,1.75
Cooper Rush,DAL,2022,9.0,94.0,162.0,58.0,1051.0,6.5,5.0,3.0,80.04,9.0,6.0,0.7,0.0,Cooper Rush,2022,0.2,Cooper Rush,29,3.1,1.9,52,46,11.2,116.8,58.7,7,0.0,2.0,4,1,1.0,1.0,0.0,0.0,0.0,0.44,0.11,0.56,0.78
Cooper Rush,DAL,2022,9.0,94.0,162.0,58.0,1051.0,6.5,5.0,3.0,80.04,9.0,6.0,0.7,0.0,Cooper Rush,2022,0.2,Cooper Rush,29,3.1,1.9,52,46,11.2,116.8,58.7,7,0.0,2.0,4,1,1.0,1.0,0.0,0.0,0.0,0.44,0.11,0.56,0.78
Cooper Rush,DAL,2022,9.0,94.0,162.0,58.0,1051.0,6.5,5.0,3.0,80.04,9.0,6.0,0.7,0.0,Cooper Rush,2022,0.2,Cooper Rush,29,3.1,1.9,52,46,11.2,116.8,58.7,7,0.0,2.0,4,1,1.0,1.0,0.0,0.0,0.0,0.44,0.11,0.56,0.78
Drew Lock,DEN,2019,5.0,100.0,156.0,64.1,1020.0,6.5,7.0,3.0,89.69,18.0,72.0,4.0,0.0,Drew Lock,2019,1.8,Drew Lock,23,4.5,1.9,54,48,10.2,204.0,50.2,5,1.0,2.0,4,1,0.0,0.0,0.0,0.0,0.0,0.8,0.2,1.4,1.0
Drew Lock,DEN,2020,13.0,254.0,443.0,57.3,2933.0,6.6,16.0,15.0,75.38,44.0,160.0,3.6,3.0,Drew Lock,2023,1.8,Drew Lock,24,3.6,3.4,145,92,11.5,225.6,41.2,19,1.0,1.0,4,9,0.0,0.0,0.0,0.0,0.0,0.31,0.69,1.23,1.46
Geno Smith,NYJ,2013,16.0,247.0,443.0,55.8,3046.0,6.9,12.0,21.0,66.47,72.0,366.0,5.1,6.0,Geno Smith,2013,0.7,Geno Smith,23,2.7,4.7,148,69,12.3,190.4,41.0,43,2.0,5.0,8,8,0.0,0.0,0.0,0.0,0.0,0.5,0.5,0.75,2.69
Geno Smith,NYJ,2014,14.0,219.0,367.0,59.7,2525.0,6.9,13.0,13.0,77.53,59.0,238.0,4.0,1.0,Geno Smith,2017,1.7,Geno Smith,24,3.5,3.5,119,74,11.5,180.4,45.8,28,1.0,2.0,3,10,0.0,0.0,0.0,0.0,0.0,0.21,0.71,0.93,2.0
Geno Smith,SEA,2022,17.0,399.0,572.0,69.8,4282.0,7.5,30.0,11.0,100.87,68.0,366.0,5.4,1.0,Geno Smith,2022,1.7,Geno Smith,32,5.2,1.9,206,54,10.7,251.9,60.8,46,2.0,3.0,9,8,1.0,0.0,0.0,0.0,0.0,0.53,0.47,1.76,2.71
Ryan Fitzpatrick,BUF,2010,13.0,255.0,441.0,57.8,3000.0,6.8,23.0,15.0,81.83,41.0,271.0,6.6,0.0,Ryan Fitzpatrick,2011,8.2,Ryan Fitzpatrick,28,5.2,3.4,151,65,11.8,230.8,52.3,24,1.0,1.0,4,9,0.0,0.0,0.0,0.0,0.0,0.31,0.69,1.77,1.85
Ryan Fitzpatrick,BUF,2011,16.0,353.0,569.0,62.0,3832.0,6.7,24.0,23.0,79.06,56.0,208.0,3.7,0.0,Ryan Fitzpatrick,2011,2.6,Ryan Fitzpatrick,29,4.2,4.0,179,60,10.9,239.5,50.1,22,2.0,2.0,6,10,0.0,0.0,0.0,0.0,0.0,0.38,0.62,1.5,1.38
Ryan Fitzpatrick,BUF,2012,16.0,306.0,505.0,60.6,3400.0,6.7,24.0,16.0,83.27,48.0,197.0,4.1,1.0,Ryan Fitzpatrick,2013,2.6,Ryan Fitzpatrick,30,4.8,3.2,175,68,11.1,212.5,43.8,30,0.0,1.0,6,10,0.0,0.0,0.0,0.0,0.0,0.38,0.62,1.5,1.88
Ryan Fitzpatrick,TEN,2013,11.0,217.0,350.0,62.0,2454.0,7.0,14.0,12.0,82.01,43.0,225.0,5.2,3.0,Ryan Fitzpatrick,2013,2.7,Ryan Fitzpatrick,31,4.0,3.4,119,77,11.3,223.1,58.7,21,2.0,2.0,3,6,0.0,0.0,0.0,0.0,0.0,0.27,0.55,1.27,1.91
Ryan Fitzpatrick,HOU,2014,12.0,197.0,312.0,63.1,2483.0,8.0,17.0,8.0,95.34,50.0,184.0,3.7,2.0,Ryan Fitzpatrick,2014,7.7,Ryan Fitzpatrick,32,5.4,2.6,120,76,12.6,206.9,61.8,21,0.0,0.0,6,6,0.0,0.0,0.0,0.0,0.0,0.5,0.5,1.42,1.75
Ryan Fitzpatrick,NYJ,2015,16.0,335.0,562.0,59.6,3905.0,6.9,31.0,15.0,87.97,60.0,270.0,4.5,2.0,Ryan Fitzpatrick,2016,7.7,Ryan Fitzpatrick,33,5.5,2.7,197,69,11.7,244.1,62.0,19,2.0,3.0,10,6,0.0,0.0,0.0,0.0,0.0,0.62,0.38,1.94,1.19
Ryan Fitzpatrick,NYJ,2016,14.0,228.0,403.0,56.6,2710.0,6.7,12.0,17.0,69.6,33.0,130.0,3.9,0.0,Ryan Fitzpatrick,2016,1.8,Ryan Fitzpatrick,34,3.0,4.2,130,57,11.9,193.6,39.2,19,0.0,0.0,3,8,0.0,0.0,0.0,0.0,0.0,0.21,0.57,0.86,1.36
Ryan Fitzpatrick,TB,2017,6.0,96.0,163.0,58.9,1103.0,6.8,7.0,3.0,86.0,15.0,78.0,5.2,0.0,Ryan Fitzpatrick,2017,1.9,Ryan Fitzpatrick,35,4.3,1.8,64,41,11.5,183.8,58.1,7,0.0,1.0,2,1,0.0,0.0,0.0,0.0,0.0,0.33,0.17,1.17,1.17
Ryan Fitzpatrick,TB,2018,8.0,164.0,246.0,66.7,2366.0,9.6,17.0,12.0,100.42,36.0,152.0,4.2,2.0,Ryan Fitzpatrick,2018,2.9,Ryan Fitzpatrick,36,6.9,4.9,113,75,14.4,295.8,61.0,14,0.0,0.0,2,5,0.0,0.0,0.0,0.0,0.0,0.25,0.62,2.12,1.75
Ryan Fitzpatrick,MIA,2019,15.0,311.0,502.0,62.0,3529.0,7.0,20.0,13.0,85.49,54.0,243.0,4.5,4.0,Ryan Fitzpatrick,2019,5.5,Ryan Fitzpatrick,37,4.0,2.6,182,51,11.3,235.3,68.3,40,3.0,4.0,5,8,0.0,0.0,0.0,0.0,0.0,0.33,0.53,1.33,2.67
Ryan Fitzpatrick,MIA,2020,9.0,183.0,267.0,68.5,2091.0,7.8,13.0,8.0,95.58,30.0,151.0,5.0,2.0,Ryan Fitzpatrick,2021,5.5,Ryan Fitzpatrick,38,4.9,3.0,106,70,11.4,232.3,70.9,14,1.0,1.0,4,3,0.0,0.0,0.0,0.0,0.0,0.44,0.33,1.44,1.56
Blake Bortles,JAX,2014,14.0,280.0,475.0,58.9,2907.0,6.1,11.0,17.0,69.51,56.0,419.0,7.5,0.0,Blake Bortles,2014,9.9,Blake Bortles,22,2.3,3.6,136,63,10.4,207.7,28.0,55,1.0,1.0,3,10,0.0,0.0,0.0,0.0,0.0,0.21,0.71,0.79,3.93
Blake Bortles,JAX,2015,16.0,355.0,606.0,58.6,4428.0,7.3,35.0,18.0,88.22,52.0,310.0,6.0,2.0,Blake Bortles,2018,9.9,Blake Bortles,23,5.8,3.0,220,90,12.5,276.8,51.4,51,3.0,4.0,5,11,0.0,0.0,0.0,0.0,0.0,0.31,0.69,2.19,3.19
Blake Bortles,JAX,2016,16.0,368.0,625.0,58.9,3905.0,6.2,23.0,16.0,78.78,58.0,359.0,6.2,3.0,Blake Bortles,2018,9.9,Blake Bortles,24,3.7,2.6,207,51,10.6,244.1,43.0,34,1.0,1.0,3,13,0.0,0.0,0.0,0.0,0.0,0.19,0.81,1.44,2.12
Blake Bortles,JAX,2017,16.0,315.0,523.0,60.2,3687.0,7.0,21.0,13.0,84.68,57.0,322.0,5.6,2.0,Blake Bortles,2018,9.9,Blake Bortles,25,4.0,2.5,195,75,11.7,230.4,59.2,24,1.0,1.0,10,6,0.0,0.0,0.0,0.0,0.0,0.62,0.38,1.31,1.5
Blake Bortles,JAX,2018,13.0,243.0,403.0,60.3,2718.0,6.7,13.0,11.0,79.81,58.0,365.0,6.3,1.0,Blake Bortles,2018,9.9,Blake Bortles,26,3.2,2.7,126,80,11.2,209.1,43.4,31,0.0,1.0,3,9,0.0,0.0,0.0,0.0,0.0,0.23,0.69,1.0,2.38
C.J. Beathard,SF,2017,7.0,123.0,224.0,54.9,1430.0,6.4,4.0,6.0,69.23,26.0,136.0,5.2,3.0,C.J. Beathard,2017,1.4,C.J. Beathard,24,1.8,2.7,67,83,11.6,204.3,35.4,19,0.0,0.0,1,4,0.0,0.0,0.0,0.0,0.0,0.14,0.57,0.57,2.71
C.J. Beathard,SF,2018,6.0,102.0,169.0,60.4,1252.0,7.4,8.0,7.0,81.77,19.0,69.0,3.6,1.0,C.J. Beathard,2021,1.4,C.J. Beathard,25,4.7,4.1,60,82,12.3,208.7,41.5,18,0.0,0.0,0,5,0.0,0.0,0.0,0.0,0.0,0.0,0.83,1.33,3.0
Christian Ponder,MIN,2011,11.0,158.0,291.0,54.3,1853.0,6.4,13.0,13.0,70.14,28.0,219.0,7.8,0.0,Christian Ponder,2011,1.6,Christian Ponder,23,4.5,4.5,92,72,11.7,168.5,32.4,30,0.0,1.0,2,8,0.0,0.0,0.0,0.0,0.0,0.18,0.73,1.18,2.73
Christian Ponder,MIN,2012,16.0,300.0,483.0,62.1,2935.0,6.1,18.0,12.0,81.23,60.0,253.0,4.2,2.0,Christian Ponder,2015,1.6,Christian Ponder,24,3.7,2.5,166,65,9.8,183.4,52.1,32,1.0,2.0,10,6,1.0,0.0,0.0,0.0,0.0,0.62,0.38,1.12,2.0
Christian Ponder,MIN,2013,9.0,152.0,239.0,63.6,1648.0,6.9,7.0,9.0,77.89,34.0,151.0,4.4,4.0,Christian Ponder,2015,1.6,Christian Ponder,25,2.9,3.8,83,47,10.8,183.1,42.2,27,1.0,0.0,2,6,0.0,0.0,0.0,0.0,0.0,0.22,0.67,0.78,3.0
Dak Prescott,DAL,2016,16.0,311.0,459.0,67.8,3667.0,8.0,23.0,4.0,104.91,57.0,282.0,4.9,6.0,Dak Prescott,2016,15.8,Dak Prescott,23,5.0,0.9,185,83,11.8,229.2,77.6,25,5.0,5.0,13,3,0.0,1.0,0.0,0.0,0.0,0.81,0.19,1.44,1.56
Dak Prescott,DAL,2017,16.0,308.0,490.0,62.9,3324.0,6.8,22.0,13.0,86.64,57.0,357.0,6.3,6.0,Dak Prescott,2020,15.8,Dak Prescott,24,4.5,2.7,162,81,10.8,207.8,69.9,32,0.0,4.0,9,7,0.0,0.0,0.0,0.0,0.0,0.56,0.44,1.38,2.0
Dak Prescott,DAL,2018,16.0,356.0,526.0,67.7,3884.0,7.4,22.0,8.0,96.86,75.0,305.0,4.1,6.0,Dak Prescott,2020,15.8,Dak Prescott,25,4.2,1.5,184,90,10.9,242.8,55.2,56,3.0,5.0,10,6,1.0,1.0,0.0,0.0,0.0,0.62,0.38,1.38,3.5
Dak Prescott,DAL,2019,16.0,388.0,596.0,65.1,4902.0,8.2,30.0,11.0,99.69,52.0,277.0,5.3,3.0,Dak Prescott,2020,15.8,Dak Prescott,26,5.0,1.8,229,62,12.6,306.4,71.9,23,0.0,0.0,8,8,0.0,0.0,0.0,0.0,0.0,0.5,0.5,1.88,1.44
Dak Prescott,DAL,2020,5.0,151.0,222.0,68.0,1856.0,8.4,9.0,4.0,99.61,18.0,93.0,5.2,3.0,Dak Prescott,2020,21.9,Dak Prescott,27,4.1,1.8,93,58,12.3,371.2,73.1,10,1.0,1.0,2,3,0.0,0.0,0.0,0.0,0.0,0.4,0.6,1.8,2.0
Dak Prescott,DAL,2021,16.0,410.0,596.0,68.8,4449.0,7.5,37.0,10.0,104.22,48.0,146.0,3.0,1.0,Dak Prescott,2021,21.9,Dak Prescott,28,6.2,1.7,227,51,10.9,278.1,54.6,30,1.0,2.0,11,5,1.0,0.0,0.0,0.0,0.0,0.69,0.31,2.31,1.88
Nick Mullens,SF,2018,8.0,176.0,274.0,64.2,2277.0,8.3,13.0,10.0,90.85,18.0,-16.0,-0.9,0.0,Nick Mullens,2018,0.3,Nick Mullens,23,4.7,3.6,106,85,12.9,284.6,51.7,17,0.0,1.0,3,5,0.0,0.0,0.0,0.0,0.0,0.38,0.62,1.62,2.12
Nick Mullens,SF,2018,8.0,176.0,274.0,64.2,2277.0,8.3,13.0,10.0,90.85,18.0,-16.0,-0.9,0.0,Nick Mullens,2018,0.1,Nick Mullens,23,4.7,3.6,106,85,12.9,284.6,51.7,17,0.0,1.0,3,5,0.0,0.0,0.0,0.0,0.0,0.38,0.62,1.62,2.12
Nick Mullens,SF,2018,8.0,176.0,274.0,64.2,2277.0,8.3,13.0,10.0,90.85,18.0,-16.0,-0.9,0.0,Nick Mullens,2018,0.4,Nick Mullens,23,4.7,3.6,106,85,12.9,284.6,51.7,17,0.0,1.0,3,5,0.0,0.0,0.0,0.0,0.0,0.38,0.62,1.62,2.12
Nick Mullens,SF,2020,10.0,211.0,326.0,64.7,2437.0,7.5,12.0,12.0,84.1,9.0,8.0,0.9,0.0,Nick Mullens,2020,0.4,Nick Mullens,25,3.7,3.7,120,49,11.5,243.7,36.3,19,1.0,1.0,2,6,0.0,0.0,0.0,0.0,0.0,0.2,0.6,1.2,1.9
Tyrod Taylor,BUF,2015,14.0,242.0,380.0,63.7,3035.0,8.0,20.0,6.0,99.4,104.0,568.0,5.5,4.0,Tyrod Taylor,2015,11.6,Tyrod Taylor,26,5.3,1.6,129,63,12.5,216.8,66.3,36,1.0,2.0,7,6,0.0,0.0,0.0,0.0,0.0,0.5,0.43,1.43,2.57
Tyrod Taylor,BUF,2016,15.0,270.0,437.0,61.8,3023.0,6.9,17.0,6.0,89.64,95.0,580.0,6.1,6.0,Tyrod Taylor,2016,9.1,Tyrod Taylor,27,3.9,1.4,148,84,11.2,201.5,62.4,42,1.0,1.0,7,8,0.0,0.0,0.0,0.0,0.0,0.47,0.53,1.13,2.8
Tyrod Taylor,BUF,2017,15.0,263.0,420.0,62.6,2799.0,6.7,14.0,4.0,89.18,84.0,427.0,5.1,4.0,Tyrod Taylor,2017,3.0,Tyrod Taylor,28,3.3,1.0,133,47,10.6,186.6,56.4,46,1.0,2.0,8,6,1.0,0.0,0.0,0.0,0.0,0.53,0.4,0.93,3.07
Tyrod Taylor,HOU,2021,6.0,91.0,150.0,60.7,966.0,6.4,5.0,5.0,76.69,19.0,151.0,7.9,3.0,Tyrod Taylor,2021,3.0,Tyrod Taylor,32,3.3,3.3,44,52,10.6,161.0,40.4,13,0.0,0.0,2,4,0.0,0.0,0.0,0.0,0.0,0.33,0.67,0.83,2.17
Ryan Tannehill,MIA,2012,16.0,282.0,484.0,58.3,3294.0,6.8,12.0,13.0,76.07,49.0,211.0,4.3,2.0,Ryan Tannehill,2012,13.4,Ryan Tannehill,24,2.5,2.7,151,80,11.7,205.9,48.4,35,1.0,1.0,7,9,0.0,0.0,0.0,0.0,0.0,0.44,0.56,0.75,2.19
Ryan Tannehill,MIA,2013,16.0,355.0,588.0,60.4,3913.0,6.7,24.0,17.0,81.68,40.0,238.0,6.0,1.0,Ryan Tannehill,2015,13.4,Ryan Tannehill,25,4.1,2.9,204,67,11.0,244.6,48.4,58,4.0,3.0,8,8,0.0,0.0,0.0,0.0,0.0,0.5,0.5,1.5,3.62
Ryan Tannehill,MIA,2014,16.0,392.0,590.0,66.4,4045.0,6.9,27.0,12.0,92.8,56.0,311.0,5.6,1.0,Ryan Tannehill,2015,13.4,Ryan Tannehill,26,4.6,2.0,225,50,10.3,252.8,60.5,46,2.0,1.0,8,8,0.0,0.0,0.0,0.0,0.0,0.5,0.5,1.69,2.88
Ryan Tannehill,MIA,2015,16.0,363.0,586.0,61.9,4208.0,7.2,24.0,12.0,88.74,32.0,141.0,4.4,1.0,Ryan Tannehill,2015,3.7,Ryan Tannehill,27,4.1,2.0,195,54,11.6,263.0,45.6,45,2.0,2.0,6,10,0.0,0.0,0.0,0.0,0.0,0.38,0.62,1.5,2.81
Ryan Tannehill,MIA,2016,13.0,261.0,389.0,67.1,2995.0,7.7,19.0,12.0,93.5,39.0,164.0,4.2,1.0,Ryan Tannehill,2019,3.7,Ryan Tannehill,28,4.9,3.1,134,74,11.5,230.4,48.6,29,3.0,3.0,8,5,1.0,0.0,0.0,0.0,0.0,0.62,0.38,1.46,2.23
Ryan Tannehill,MIA,2018,11.0,176.0,274.0,64.2,1979.0,7.2,17.0,9.0,92.7,32.0,145.0,4.5,0.0,Ryan Tannehill,2019,3.7,Ryan Tannehill,30,6.2,3.3,92,75,11.2,179.9,33.2,35,3.0,3.0,5,6,0.0,0.0,0.0,0.0,0.0,0.45,0.55,1.55,3.18
Ryan Tannehill,TEN,2019,12.0,201.0,286.0,70.3,2742.0,9.6,22.0,6.0,117.5,43.0,185.0,4.3,4.0,Ryan Tannehill,2019,14.9,Ryan Tannehill,31,7.7,2.1,126,91,13.6,228.5,64.2,31,2.0,3.0,7,3,1.0,1.0,1.0,0.0,0.0,0.58,0.25,1.83,2.58
Ryan Tannehill,TEN,2020,16.0,315.0,481.0,65.5,3819.0,7.9,33.0,7.0,106.54,43.0,266.0,6.2,7.0,Ryan Tannehill,2020,14.9,Ryan Tannehill,32,6.9,1.5,202,75,12.1,238.7,72.6,24,5.0,6.0,11,5,1.0,0.0,0.0,0.0,0.0,0.69,0.31,2.06,1.5
Derek Carr,LV,2014,16.0,348.0,599.0,58.1,3270.0,5.5,21.0,12.0,76.58,30.0,87.0,2.9,0.0,Derek Carr,2014,15.0,Derek Carr,23,3.5,2.0,163,77,9.4,204.4,42.1,24,1.0,1.0,3,13,0.0,0.0,0.0,0.0,0.0,0.19,0.81,1.31,1.5
Derek Carr,LV,2015,16.0,350.0,573.0,61.1,3987.0,7.0,32.0,13.0,91.14,34.0,138.0,4.1,0.0,Derek Carr,2017,15.0,Derek Carr,24,5.6,2.3,188,68,11.4,249.2,43.1,31,4.0,4.0,7,9,0.0,0.0,0.0,0.0,0.0,0.44,0.56,2.0,1.94
Derek Carr,LV,2016,15.0,356.0,559.0,63.7,3933.0,7.0,28.0,6.0,96.69,38.0,69.0,1.8,0.0,Derek Carr,2017,15.0,Derek Carr,25,5.0,1.1,191,75,11.0,262.5,56.1,16,7.0,7.0,12,3,0.0,0.0,0.0,0.0,0.0,0.8,0.2,1.87,1.07
Derek Carr,LV,2017,15.0,323.0,515.0,62.7,3496.0,6.8,22.0,13.0,86.36,23.0,66.0,2.9,0.0,Derek Carr,2017,19.4,Derek Carr,26,4.3,2.5,168,87,10.8,233.1,50.5,20,1.0,1.0,6,9,0.0,0.0,0.0,0.0,0.0,0.4,0.6,1.47,1.33
Derek Carr,LV,2018,16.0,381.0,553.0,68.9,4049.0,7.3,19.0,10.0,93.92,24.0,47.0,2.0,1.0,Derek Carr,2022,19.4,Derek Carr,27,3.4,1.8,197,66,10.6,253.1,46.5,51,3.0,3.0,4,12,0.0,0.0,0.0,0.0,0.0,0.25,0.75,1.19,3.19
Derek Carr,LV,2019,16.0,361.0,513.0,70.4,4054.0,7.9,21.0,8.0,100.8,27.0,82.0,3.0,2.0,Derek Carr,2022,19.4,Derek Carr,28,4.1,1.6,191,75,11.2,253.4,64.1,29,2.0,3.0,7,9,0.0,0.0,0.0,0.0,0.0,0.44,0.56,1.31,1.81
Derek Carr,LV,2020,16.0,348.0,517.0,67.3,4103.0,7.9,27.0,9.0,101.4,39.0,140.0,3.6,3.0,Derek Carr,2022,19.4,Derek Carr,29,5.2,1.7,192,85,11.8,256.4,64.3,26,3.0,5.0,8,8,0.0,0.0,0.0,0.0,0.0,0.5,0.5,1.69,1.62
Derek Carr,LV,2021,17.0,428.0,626.0,68.4,4804.0,7.7,23.0,14.0,93.96,40.0,108.0,2.7,0.0,Derek Carr,2022,19.4,Derek Carr,30,3.7,2.2,217,61,11.2,282.6,52.4,40,3.0,6.0,10,7,1.0,0.0,0.0,0.0,0.0,0.59,0.41,1.35,2.35
Derek Carr,LV,2022,15.0,305.0,502.0,60.8,3522.0,7.0,24.0,14.0,86.26,24.0,102.0,4.2,0.0,Derek Carr,2022,19.4,Derek Carr,31,4.8,2.8,161,60,11.5,234.8,55.5,27,4.0,3.0,6,9,0.0,0.0,0.0,0.0,0.0,0.4,0.6,1.6,1.8
Dwayne Haskins,WAS,2019,9.0,119.0,203.0,58.6,1365.0,6.7,7.0,7.0,76.08,20.0,101.0,5.0,0.0,Dwayne Haskins,2019,0.5,Dwayne Haskins,22,3.4,3.4,65,75,11.5,151.7,28.0,29,1.0,1.0,2,5,0.0,0.0,0.0,0.0,0.0,0.22,0.56,0.78,3.22
Dwayne Haskins,WAS,2020,7.0,148.0,241.0,61.4,1439.0,6.0,5.0,7.0,72.95,20.0,46.0,2.3,1.0,Dwayne Haskins,2021,0.5,Dwayne Haskins,23,2.1,2.9,73,50,9.7,205.6,24.8,20,1.0,1.0,1,5,1.0,0.0,0.0,0.0,0.0,0.14,0.71,0.71,2.86
Cody Kessler,CLE,2016,9.0,128.0,195.0,65.6,1380.0,7.1,6.0,2.0,92.25,11.0,18.0,1.6,0.0,Cody Kessler,2016,0.5,Cody Kessler,23,3.1,1.0,69,44,10.8,153.3,43.4,21,0.0,0.0,0,8,0.0,0.0,0.0,0.0,0.0,0.0,0.89,0.67,2.33
Cody Kessler,JAX,2018,5.0,85.0,131.0,64.9,709.0,5.4,2.0,2.0,77.43,19.0,123.0,6.5,0.0,Cody Kessler,2019,0.5,Cody Kessler,25,1.5,1.5,35,35,8.3,141.8,25.9,22,0.0,0.0,2,2,0.0,0.0,0.0,0.0,0.0,0.4,0.4,0.4,4.4
Brandon Weeden,CLE,2012,15.0,297.0,517.0,57.4,3385.0,6.5,14.0,17.0,72.56,27.0,111.0,4.1,0.0,Brandon Weeden,2012,0.5,Brandon Weeden,29,2.7,3.3,169,71,11.4,225.7,33.9,28,1.0,1.0,5,10,0.0,0.0,0.0,0.0,0.0,0.33,0.67,0.93,1.87
Brandon Weeden,CLE,2013,8.0,141.0,267.0,52.8,1731.0,6.5,9.0,9.0,70.29,12.0,44.0,3.7,0.0,Brandon Weeden,2014,1.3,Brandon Weeden,30,3.4,3.4,81,95,12.3,216.4,34.4,27,0.0,1.0,0,5,0.0,0.0,0.0,0.0,0.0,0.0,0.62,1.12,3.38
Brandon Weeden,HOU,2015,6.0,97.0,140.0,69.3,1043.0,7.4,5.0,2.0,96.82,16.0,47.0,2.9,1.0,Brandon Weeden,2016,1.3,Brandon Weeden,32,3.6,1.4,0,67,10.8,173.8,53.2,10,1.0,1.0,1,3,1.0,0.0,0.0,0.0,0.0,0.17,0.5,0.83,1.67
Kirk Cousins,WAS,2013,5.0,81.0,155.0,52.3,854.0,5.5,4.0,7.0,58.37,4.0,14.0,3.5,0.0,Kirk Cousins,2016,12.9,Kirk Cousins,25,2.6,4.5,42,62,10.5,170.8,36.5,5,0.0,0.0,0,3,0.0,0.0,0.0,0.0,0.0,0.0,0.6,0.8,1.0
Kirk Cousins,WAS,2014,6.0,126.0,204.0,61.8,1710.0,8.4,10.0,9.0,86.44,7.0,20.0,2.9,0.0,Kirk Cousins,2016,12.9,Kirk Cousins,26,4.9,4.4,75,81,13.6,285.0,52.3,8,0.0,0.0,1,4,0.0,0.0,0.0,0.0,0.0,0.17,0.67,1.67,1.33
Kirk Cousins,WAS,2015,16.0,379.0,543.0,69.8,4166.0,7.7,29.0,11.0,101.58,26.0,48.0,1.8,5.0,Kirk Cousins,2016,12.9,Kirk Cousins,27,5.3,2.0,205,78,11.0,260.4,67.8,26,2.0,3.0,9,7,1.0,0.0,0.0,0.0,0.0,0.56,0.44,1.81,1.62
Kirk Cousins,WAS,2016,16.0,406.0,606.0,67.0,4917.0,8.1,25.0,12.0,97.22,34.0,96.0,2.8,4.0,Kirk Cousins,2016,14.3,Kirk Cousins,28,4.1,2.0,227,80,12.1,307.3,66.5,23,4.0,4.0,8,7,0.0,0.0,0.0,0.0,0.0,0.5,0.44,1.56,1.44
Kirk Cousins,WAS,2017,16.0,347.0,540.0,64.3,4093.0,7.6,27.0,13.0,93.85,49.0,179.0,3.7,4.0,Kirk Cousins,2017,15.8,Kirk Cousins,29,5.0,2.4,194,74,11.8,255.8,56.0,41,1.0,4.0,7,9,0.0,0.0,0.0,0.0,0.0,0.44,0.56,1.69,2.56
Kirk Cousins,MIN,2018,16.0,425.0,606.0,70.1,4298.0,7.1,30.0,10.0,99.7,44.0,123.0,2.8,1.0,Kirk Cousins,2018,16.6,Kirk Cousins,30,5.0,1.7,218,75,10.1,268.6,59.5,40,1.0,0.0,8,7,0.0,0.0,0.0,0.0,0.0,0.5,0.44,1.88,2.5
Kirk Cousins,MIN,2019,15.0,307.0,444.0,69.1,3603.0,8.1,26.0,6.0,107.4,31.0,63.0,2.0,1.0,Kirk Cousins,2020,16.6,Kirk Cousins,31,5.9,1.4,165,66,11.7,240.2,60.4,28,1.0,1.0,10,5,1.0,1.0,0.0,0.0,0.0,0.67,0.33,1.73,1.87
Kirk Cousins,MIN,2020,16.0,349.0,516.0,67.6,4265.0,8.3,35.0,13.0,105.0,32.0,156.0,4.9,1.0,Kirk Cousins,2020,16.8,Kirk Cousins,32,6.8,2.5,212,71,12.2,266.6,55.8,39,1.0,3.0,7,9,0.0,0.0,0.0,0.0,0.0,0.44,0.56,2.19,2.44
Kirk Cousins,MIN,2021,16.0,372.0,561.0,66.3,4221.0,7.5,33.0,7.0,103.1,29.0,115.0,4.0,1.0,Kirk Cousins,2022,16.8,Kirk Cousins,33,5.9,1.2,192,64,11.3,263.8,52.3,28,3.0,4.0,8,8,0.0,0.0,0.0,0.0,0.0,0.5,0.5,2.06,1.75
Kirk Cousins,MIN,2022,17.0,424.0,643.0,65.9,4547.0,7.1,29.0,14.0,92.46,31.0,97.0,3.1,2.0,Kirk Cousins,2022,16.8,Kirk Cousins,34,4.5,2.2,230,66,10.7,267.5,49.9,46,8.0,8.0,13,4,1.0,0.0,0.0,0.0,0.0,0.76,0.24,1.71,2.71
Case Keenum,HOU,2013,8.0,137.0,253.0,54.2,1760.0,7.0,9.0,6.0,78.17,14.0,72.0,5.1,1.0,Case Keenum,2013,0.4,Case Keenum,25,3.6,2.4,76,66,12.8,220.0,48.6,19,0.0,0.0,0,8,0.0,0.0,0.0,0.0,0.0,0.0,1.0,1.12,2.38
Case Keenum,LAR,2015,6.0,76.0,125.0,60.8,828.0,6.6,4.0,1.0,87.68,12.0,5.0,0.4,0.0,Case Keenum,2015,0.4,Case Keenum,27,3.2,0.8,42,60,10.9,138.0,34.8,4,0.0,0.0,3,2,0.0,0.0,0.0,0.0,0.0,0.5,0.33,0.67,0.67
Case Keenum,LAR,2015,6.0,76.0,125.0,60.8,828.0,6.6,4.0,1.0,87.68,12.0,5.0,0.4,0.0,Case Keenum,2015,1.2,Case Keenum,27,3.2,0.8,42,60,10.9,138.0,34.8,4,0.0,0.0,3,2,0.0,0.0,0.0,0.0,0.0,0.5,0.33,0.67,0.67
Case Keenum,LAR,2016,10.0,196.0,322.0,60.9,2201.0,6.8,9.0,11.0,76.37,20.0,51.0,2.6,1.0,Case Keenum,2017,1.2,Case Keenum,28,2.8,3.4,103,65,11.2,220.1,37.5,23,1.0,2.0,4,5,0.0,0.0,0.0,0.0,0.0,0.4,0.5,0.9,2.3
Case Keenum,MIN,2017,15.0,325.0,481.0,67.6,3547.0,7.4,22.0,7.0,98.3,40.0,160.0,4.0,1.0,Case Keenum,2017,10.2,Case Keenum,29,4.6,1.5,180,65,10.9,236.5,72.8,22,1.0,3.0,11,3,0.0,1.0,1.0,0.0,0.0,0.73,0.2,1.47,1.47
Case Keenum,DEN,2018,16.0,365.0,586.0,62.3,3890.0,6.6,18.0,15.0,81.22,26.0,93.0,3.6,2.0,Case Keenum,2018,4.0,Case Keenum,30,3.1,2.6,179,64,10.7,243.1,44.5,34,3.0,4.0,6,10,0.0,0.0,0.0,0.0,0.0,0.38,0.62,1.12,2.12
Case Keenum,WAS,2019,10.0,160.0,247.0,64.8,1707.0,6.9,11.0,5.0,91.27,9.0,12.0,1.3,1.0,Case Keenum,2019,4.0,Case Keenum,31,4.5,2.0,83,69,10.7,170.7,45.6,15,0.0,0.0,1,7,0.0,0.0,0.0,0.0,0.0,0.1,0.7,1.1,1.5
Cam Newton,CAR,2011,16.0,310.0,517.0,60.0,4051.0,7.8,21.0,17.0,84.54,125.0,709.0,5.7,14.0,Cam Newton,2011,14.5,Cam Newton,22,4.1,3.3,176,91,13.1,253.2,56.6,35,1.0,1.0,6,10,0.0,0.0,0.0,0.0,0.0,0.38,0.62,1.31,2.19
Cam Newton,CAR,2012,16.0,280.0,485.0,57.7,3869.0,8.0,19.0,12.0,86.18,127.0,741.0,5.8,8.0,Cam Newton,2015,14.5,Cam Newton,23,3.9,2.5,171,82,13.8,241.8,58.3,36,1.0,1.0,7,9,0.0,0.0,0.0,0.0,0.0,0.44,0.56,1.19,2.25
Cam Newton,CAR,2013,16.0,292.0,473.0,61.7,3379.0,7.1,24.0,13.0,88.76,111.0,585.0,5.3,6.0,Cam Newton,2015,14.5,Cam Newton,24,5.1,2.7,172,79,11.6,211.2,64.3,43,4.0,4.0,12,4,0.0,1.0,0.0,0.0,0.0,0.75,0.25,1.5,2.69
Cam Newton,CAR,2014,14.0,262.0,448.0,58.5,3127.0,7.0,18.0,12.0,82.13,103.0,539.0,5.2,5.0,Cam Newton,2015,14.5,Cam Newton,25,4.0,2.7,156,51,11.9,223.4,56.2,38,3.0,2.0,5,8,1.0,1.0,0.0,0.0,0.0,0.36,0.57,1.29,2.71
Cam Newton,CAR,2015,16.0,296.0,495.0,59.8,3837.0,7.8,35.0,10.0,99.36,132.0,636.0,4.8,10.0,Cam Newton,2015,0.9,Cam Newton,26,7.1,2.0,195,74,13.0,239.8,61.4,33,3.0,4.0,15,1,0.0,1.0,1.0,1.0,0.0,0.94,0.06,2.19,2.06
Cam Newton,CAR,2016,15.0,270.0,510.0,52.9,3509.0,6.9,19.0,14.0,75.85,90.0,359.0,4.0,5.0,Cam Newton,2020,0.9,Cam Newton,27,3.7,2.7,173,88,13.0,233.9,47.1,36,0.0,0.0,6,8,0.0,0.0,0.0,0.0,0.0,0.4,0.53,1.27,2.4
Cam Newton,CAR,2017,16.0,291.0,492.0,59.1,3302.0,6.7,22.0,16.0,80.69,139.0,754.0,5.4,6.0,Cam Newton,2020,0.9,Cam Newton,28,4.5,3.3,167,64,11.3,206.4,51.5,35,1.0,3.0,11,5,1.0,0.0,0.0,0.0,0.0,0.69,0.31,1.38,2.19
Cam Newton,CAR,2018,14.0,320.0,471.0,67.9,3395.0,7.2,24.0,13.0,94.22,101.0,488.0,4.8,4.0,Cam Newton,2020,0.9,Cam Newton,29,5.1,2.8,180,82,10.6,242.5,53.2,29,2.0,2.0,6,8,0.0,0.0,0.0,0.0,0.0,0.43,0.57,1.71,2.07
Cam Newton,NE,2020,15.0,242.0,368.0,65.8,2657.0,7.2,8.0,10.0,82.89,137.0,592.0,4.3,12.0,Cam Newton,2020,4.5,Cam Newton,31,2.2,2.7,133,50,11.0,177.1,39.4,31,1.0,3.0,7,8,0.0,0.0,0.0,0.0,0.0,0.47,0.53,0.53,2.07
Cam Newton,CAR,2021,8.0,69.0,126.0,54.8,684.0,5.4,4.0,5.0,64.38,47.0,230.0,4.9,5.0,Cam Newton,2021,2.8,Cam Newton,32,3.2,4.0,32,64,9.9,85.5,25.5,10,0.0,0.0,0,5,0.0,0.0,0.0,0.0,0.0,0.0,0.62,0.5,1.25
Cam Newton,CAR,2021,8.0,69.0,126.0,54.8,684.0,5.4,4.0,5.0,64.38,47.0,230.0,4.9,5.0,Cam Newton,2021,2.8,Cam Newton,32,3.2,4.0,32,64,9.9,85.5,25.5,10,0.0,0.0,0,5,0.0,0.0,0.0,0.0,0.0,0.0,0.62,0.5,1.25
Devlin Hodges,PIT,2019,8.0,100.0,160.0,62.5,1063.0,6.6,5.0,8.0,71.43,21.0,68.0,3.2,0.0,Devlin Hodges,2019,0.3,Devlin Hodges,23,3.1,5.0,51,79,10.6,132.9,31.8,15,0.0,1.0,3,3,0.0,0.0,0.0,0.0,0.0,0.38,0.38,0.62,1.88
Devlin Hodges,PIT,2019,8.0,100.0,160.0,62.5,1063.0,6.6,5.0,8.0,71.43,21.0,68.0,3.2,0.0,Devlin Hodges,2019,0.1,Devlin Hodges,23,3.1,5.0,51,79,10.6,132.9,31.8,15,0.0,1.0,3,3,0.0,0.0,0.0,0.0,0.0,0.38,0.38,0.62,1.88
Devlin Hodges,PIT,2019,8.0,100.0,160.0,62.5,1063.0,6.6,5.0,8.0,71.43,21.0,68.0,3.2,0.0,Devlin Hodges,2019,0.1,Devlin Hodges,23,3.1,5.0,51,79,10.6,132.9,31.8,15,0.0,1.0,3,3,0.0,0.0,0.0,0.0,0.0,0.38,0.38,0.62,1.88
Jalen Hurts,PHI,2020,15.0,77.0,148.0,52.0,1061.0,7.2,6.0,4.0,77.56,63.0,357.0,5.7,3.0,Jalen Hurts,2020,22.7,Jalen Hurts,22,4.1,2.7,45,81,13.8,70.7,33.8,13,0.0,0.0,1,3,0.0,0.0,0.0,0.0,0.0,0.07,0.2,0.4,0.87
Jalen Hurts,PHI,2021,15.0,265.0,432.0,61.3,3144.0,7.3,16.0,9.0,87.19,139.0,784.0,5.6,10.0,Jalen Hurts,2023,22.7,Jalen Hurts,23,3.7,2.1,143,91,11.9,209.6,48.5,26,2.0,2.0,8,7,1.0,0.0,0.0,0.0,0.0,0.53,0.47,1.07,1.73
Jalen Hurts,PHI,2022,15.0,306.0,460.0,66.5,3701.0,8.0,22.0,6.0,101.55,165.0,760.0,4.6,13.0,Jalen Hurts,2023,22.7,Jalen Hurts,24,4.8,1.3,165,68,12.1,246.7,66.4,38,1.0,2.0,14,1,0.0,1.0,1.0,1.0,0.0,0.93,0.07,1.47,2.53
Drew Stanton,ARI,2014,9.0,132.0,240.0,55.0,1711.0,7.1,7.0,5.0,78.66,25.0,63.0,2.5,0.0,Drew Stanton,2016,1.8,Drew Stanton,30,2.9,2.1,77,49,13.0,190.1,53.6,11,1.0,1.0,5,3,1.0,0.0,0.0,0.0,0.0,0.56,0.33,0.78,1.22
Drew Stanton,ARI,2017,5.0,79.0,159.0,49.7,894.0,5.6,6.0,5.0,66.39,9.0,7.0,0.8,0.0,Drew Stanton,2018,1.8,Drew Stanton,33,3.8,3.1,49,52,11.3,178.8,39.5,7,1.0,1.0,3,1,0.0,0.0,0.0,0.0,0.0,0.6,0.2,1.2,1.4
Jay Cutler,CHI,2010,15.0,261.0,432.0,60.4,3274.0,7.6,23.0,16.0,86.32,51.0,232.0,4.5,1.0,Jay Cutler,2014,13.6,Jay Cutler,27,5.3,3.7,159,89,12.5,218.3,51.4,52,4.0,4.0,10,5,0.0,1.0,1.0,0.0,0.0,0.67,0.33,1.53,3.47
Jay Cutler,CHI,2011,10.0,182.0,314.0,58.0,2319.0,7.4,13.0,7.0,85.67,18.0,56.0,3.1,1.0,Jay Cutler,2014,13.6,Jay Cutler,28,4.1,2.2,107,56,12.7,231.9,60.5,23,1.0,1.0,7,3,0.0,0.0,0.0,0.0,0.0,0.7,0.3,1.3,2.3
Jay Cutler,CHI,2012,15.0,255.0,434.0,58.8,3033.0,7.0,19.0,14.0,81.32,41.0,233.0,5.7,0.0,Jay Cutler,2014,13.6,Jay Cutler,29,4.4,3.2,152,60,11.9,202.2,48.1,38,1.0,1.0,10,5,0.0,0.0,0.0,0.0,0.0,0.67,0.33,1.27,2.53
Jay Cutler,CHI,2013,11.0,225.0,356.0,63.2,2619.0,7.4,19.0,12.0,89.15,23.0,118.0,5.1,0.0,Jay Cutler,2014,13.6,Jay Cutler,30,5.4,3.4,125,67,11.7,238.3,70.1,19,3.0,3.0,5,6,0.0,0.0,0.0,0.0,0.0,0.45,0.55,1.73,1.73
Jay Cutler,CHI,2014,15.0,370.0,561.0,66.0,3812.0,6.8,28.0,18.0,88.63,39.0,191.0,4.9,2.0,Jay Cutler,2014,6.0,Jay Cutler,31,5.0,3.2,181,74,10.3,254.1,50.9,38,1.0,1.0,5,10,0.0,0.0,0.0,0.0,0.0,0.33,0.67,1.87,2.53
Jay Cutler,CHI,2015,15.0,311.0,483.0,64.4,3659.0,7.6,21.0,11.0,92.31,38.0,201.0,5.3,1.0,Jay Cutler,2017,6.0,Jay Cutler,32,4.3,2.3,173,87,11.8,243.9,61.0,29,4.0,4.0,6,9,0.0,0.0,0.0,0.0,0.0,0.4,0.6,1.4,1.93
Jay Cutler,CHI,2016,5.0,81.0,137.0,59.1,1059.0,7.7,4.0,5.0,78.09,5.0,24.0,4.8,0.0,Jay Cutler,2017,6.0,Jay Cutler,33,2.9,3.6,45,54,13.1,211.8,28.1,17,0.0,0.0,1,4,0.0,0.0,0.0,0.0,0.0,0.2,0.8,0.8,3.4
Jay Cutler,MIA,2017,14.0,266.0,429.0,62.0,2666.0,6.2,19.0,14.0,80.81,19.0,32.0,1.7,0.0,Jay Cutler,2017,6.0,Jay Cutler,34,4.4,3.3,138,65,10.0,190.4,43.5,20,2.0,3.0,6,8,0.0,0.0,0.0,0.0,0.0,0.43,0.57,1.36,1.43
Jimmy Garoppolo,SF,2017,6.0,120.0,178.0,67.4,1560.0,8.8,7.0,5.0,96.18,15.0,11.0,0.7,1.0,Jimmy Garoppolo,2018,3.4,Jimmy Garoppolo,26,3.9,2.8,81,61,13.0,260.0,82.7,8,2.0,2.0,5,0,0.0,0.0,0.0,0.0,0.0,0.83,0.0,1.17,1.33
Jimmy Garoppolo,SF,2019,16.0,329.0,476.0,69.1,3978.0,8.4,27.0,13.0,102.03,46.0,62.0,1.3,1.0,Jimmy Garoppolo,2022,3.4,Jimmy Garoppolo,28,5.7,2.7,193,75,12.1,248.6,60.8,36,4.0,4.0,13,3,0.0,1.0,1.0,1.0,0.0,0.81,0.19,1.69,2.25
Jimmy Garoppolo,SF,2020,6.0,94.0,140.0,67.1,1096.0,7.8,7.0,5.0,92.44,10.0,25.0,2.5,0.0,Jimmy Garoppolo,2022,3.4,Jimmy Garoppolo,29,5.0,3.6,55,76,11.7,182.7,54.0,11,0.0,0.0,3,3,0.0,0.0,0.0,0.0,0.0,0.5,0.5,1.17,1.83
Jimmy Garoppolo,SF,2021,15.0,301.0,441.0,68.3,3810.0,8.6,20.0,12.0,98.74,38.0,51.0,1.3,3.0,Jimmy Garoppolo,2022,3.4,Jimmy Garoppolo,30,4.5,2.7,172,83,12.7,254.0,53.3,29,3.0,3.0,9,6,1.0,1.0,1.0,0.0,0.0,0.6,0.4,1.33,1.93
Jimmy Garoppolo,SF,2022,11.0,207.0,308.0,67.2,2437.0,7.9,16.0,4.0,102.96,23.0,33.0,1.4,2.0,Jimmy Garoppolo,2022,3.4,Jimmy Garoppolo,31,5.2,1.3,114,57,11.8,221.5,54.3,18,1.0,1.0,7,3,1.0,1.0,1.0,0.0,0.0,0.64,0.27,1.45,1.64
Daniel Jones,NYG,2019,13.0,284.0,459.0,61.9,3027.0,6.6,24.0,12.0,87.66,45.0,279.0,6.2,2.0,Daniel Jones,2019,17.8,Daniel Jones,22,5.2,2.6,140,75,10.7,232.8,55.7,38,1.0,2.0,3,9,0.0,0.0,0.0,0.0,0.0,0.23,0.69,1.85,2.92
Daniel Jones,NYG,2020,14.0,280.0,448.0,62.5,2943.0,6.6,11.0,10.0,80.42,65.0,423.0,6.5,1.0,Daniel Jones,2023,17.8,Daniel Jones,23,2.5,2.2,157,53,10.5,210.2,54.0,45,0.0,0.0,5,9,0.0,0.0,0.0,0.0,0.0,0.36,0.64,0.79,3.21
Daniel Jones,NYG,2021,11.0,232.0,361.0,64.3,2428.0,6.7,10.0,7.0,84.82,62.0,298.0,4.8,2.0,Daniel Jones,2023,17.8,Daniel Jones,24,2.8,1.9,116,54,10.5,220.7,41.5,22,1.0,1.0,4,7,0.0,0.0,0.0,0.0,0.0,0.36,0.64,0.91,2.0
Daniel Jones,NYG,2022,16.0,317.0,472.0,67.2,3205.0,6.8,15.0,5.0,92.52,120.0,708.0,5.9,7.0,Daniel Jones,2023,17.8,Daniel Jones,25,3.2,1.1,156,65,10.1,200.3,60.8,44,4.0,5.0,9,6,1.0,1.0,0.0,0.0,0.0,0.56,0.38,0.94,2.75
Josh McCown,CHI,2013,8.0,149.0,224.0,66.5,1829.0,8.2,13.0,1.0,109.02,13.0,69.0,5.3,1.0,Josh McCown,2013,3.8,Josh McCown,34,5.8,0.4,94,80,12.3,228.6,82.4,11,1.0,1.0,3,2,0.0,0.0,0.0,0.0,0.0,0.38,0.25,1.62,1.38
Josh McCown,TB,2014,12.0,184.0,327.0,56.3,2206.0,6.7,11.0,14.0,70.46,25.0,127.0,5.1,3.0,Josh McCown,2014,3.3,Josh McCown,35,3.4,4.3,100,56,12.0,200.5,34.6,36,0.0,0.0,1,10,0.0,0.0,0.0,0.0,0.0,0.08,0.83,0.92,3.0
Josh McCown,CLE,2015,8.0,186.0,292.0,63.7,2109.0,7.2,12.0,4.0,93.25,20.0,98.0,4.9,1.0,Josh McCown,2015,3.6,Josh McCown,36,4.1,1.4,96,56,11.3,263.6,52.9,23,1.0,1.0,1,7,0.0,0.0,0.0,0.0,0.0,0.12,0.88,1.5,2.88
Josh McCown,CLE,2016,5.0,90.0,165.0,54.5,1100.0,6.7,6.0,6.0,72.29,7.0,21.0,3.0,0.0,Josh McCown,2017,3.6,Josh McCown,37,3.6,3.6,56,54,12.2,220.0,30.8,18,0.0,0.0,0,3,0.0,0.0,0.0,0.0,0.0,0.0,0.6,1.2,3.6
Josh McCown,NYJ,2017,13.0,267.0,397.0,67.3,2926.0,7.4,18.0,9.0,94.51,37.0,124.0,3.4,5.0,Josh McCown,2017,3.6,Josh McCown,38,4.5,2.3,137,69,11.0,225.1,55.6,39,1.0,2.0,5,8,0.0,0.0,0.0,0.0,0.0,0.38,0.62,1.38,3.0
Patrick Mahomes,KC,2018,16.0,383.0,580.0,66.0,5097.0,8.8,50.0,12.0,113.84,60.0,272.0,4.5,2.0,Patrick Mahomes,2020,22.7,Patrick Mahomes,23,8.6,2.1,237,89,13.3,318.6,80.3,26,2.0,2.0,12,4,0.0,1.0,1.0,0.0,0.0,0.75,0.25,3.12,1.62
Patrick Mahomes,KC,2019,14.0,319.0,484.0,65.9,4031.0,8.3,26.0,5.0,105.31,43.0,218.0,5.1,2.0,Patrick Mahomes,2020,22.7,Patrick Mahomes,24,5.4,1.0,176,83,12.6,287.9,77.7,17,1.0,1.0,11,3,0.0,1.0,1.0,1.0,1.0,0.79,0.21,1.86,1.21
Patrick Mahomes,KC,2020,15.0,390.0,588.0,66.3,4740.0,8.1,38.0,6.0,108.23,62.0,308.0,5.0,2.0,Patrick Mahomes,2020,22.7,Patrick Mahomes,25,6.5,1.0,238,75,12.2,316.0,78.1,22,3.0,3.0,14,1,0.0,1.0,1.0,1.0,0.0,0.93,0.07,2.53,1.47
Ryan Mallett,BAL,2015,8.0,136.0,244.0,55.7,1336.0,5.5,5.0,6.0,67.93,5.0,15.0,3.0,1.0,Ryan Mallett,2015,0.8,Ryan Mallett,27,2.0,2.5,0,48,9.8,167.0,55.4,6,0.0,0.0,2,4,0.0,0.0,0.0,0.0,0.0,0.25,0.5,0.62,0.75
Ryan Mallett,BAL,2015,8.0,136.0,244.0,55.7,1336.0,5.5,5.0,6.0,67.93,5.0,15.0,3.0,1.0,Ryan Mallett,2015,0.8,Ryan Mallett,27,2.0,2.5,0,48,9.8,167.0,55.4,6,0.0,0.0,2,4,0.0,0.0,0.0,0.0,0.0,0.25,0.5,0.62,0.75
Josh Allen,BUF,2018,12.0,169.0,320.0,52.8,2074.0,6.5,10.0,12.0,67.89,89.0,631.0,7.1,8.0,Josh Allen,2018,23.6,Josh Allen,22,3.1,3.8,89,75,12.3,172.8,49.8,28,2.0,3.0,5,6,0.0,0.0,0.0,0.0,0.0,0.42,0.5,0.83,2.33
Josh Allen,BUF,2019,16.0,271.0,461.0,58.8,3089.0,6.7,20.0,9.0,85.32,109.0,510.0,4.7,9.0,Josh Allen,2021,23.6,Josh Allen,23,4.3,2.0,146,53,11.4,193.1,49.4,38,4.0,5.0,10,6,1.0,0.0,0.0,0.0,0.0,0.62,0.38,1.25,2.38
Josh Allen,BUF,2020,16.0,396.0,572.0,69.2,4544.0,7.9,37.0,10.0,107.15,102.0,421.0,4.1,8.0,Josh Allen,2021,23.6,Josh Allen,24,6.5,1.7,228,55,11.5,284.0,76.6,26,2.0,3.0,13,3,1.0,1.0,1.0,0.0,0.0,0.81,0.19,2.31,1.62
Josh Allen,BUF,2021,17.0,409.0,646.0,63.3,4407.0,6.8,36.0,15.0,92.17,122.0,763.0,6.3,6.0,Josh Allen,2021,23.6,Josh Allen,25,5.6,2.3,234,61,10.8,259.2,60.7,26,0.0,0.0,11,6,1.0,1.0,0.0,0.0,0.0,0.65,0.35,2.12,1.53
Russell Wilson,SEA,2012,16.0,252.0,393.0,64.1,3118.0,7.9,26.0,10.0,100.03,94.0,489.0,5.2,4.0,Russell Wilson,2012,15.3,Russell Wilson,24,6.6,2.5,153,67,12.4,194.9,72.7,33,3.0,4.0,11,5,1.0,1.0,0.0,0.0,0.0,0.69,0.31,1.62,2.06
Russell Wilson,SEA,2013,16.0,257.0,407.0,63.1,3357.0,8.2,26.0,9.0,101.15,96.0,539.0,5.6,1.0,Russell Wilson,2015,15.3,Russell Wilson,25,6.4,2.2,157,80,13.1,209.8,67.2,44,3.0,4.0,13,3,0.0,1.0,1.0,1.0,1.0,0.81,0.19,1.62,2.75
Russell Wilson,SEA,2014,16.0,285.0,452.0,63.1,3475.0,7.7,20.0,7.0,94.96,118.0,849.0,7.2,6.0,Russell Wilson,2015,15.3,Russell Wilson,26,4.4,1.5,161,80,12.2,217.2,69.7,42,1.0,4.0,12,4,0.0,1.0,1.0,1.0,0.0,0.75,0.25,1.25,2.62
Russell Wilson,SEA,2015,16.0,329.0,483.0,68.1,4024.0,8.3,34.0,8.0,110.12,103.0,553.0,5.4,1.0,Russell Wilson,2015,18.6,Russell Wilson,27,7.0,1.7,190,80,12.2,251.5,68.6,45,2.0,2.0,10,6,1.0,1.0,0.0,0.0,0.0,0.62,0.38,2.12,2.81
Russell Wilson,SEA,2016,16.0,353.0,546.0,64.7,4219.0,7.7,21.0,11.0,92.58,72.0,259.0,3.6,1.0,Russell Wilson,2019,18.6,Russell Wilson,28,3.8,2.0,193,59,12.0,263.7,57.1,41,4.0,3.0,10,5,1.0,1.0,0.0,0.0,0.0,0.62,0.31,1.31,2.56
Russell Wilson,SEA,2017,16.0,339.0,553.0,61.3,3983.0,7.2,34.0,11.0,95.39,95.0,586.0,6.2,3.0,Russell Wilson,2019,18.6,Russell Wilson,29,6.1,2.0,189,74,11.7,248.9,61.9,43,2.0,2.0,9,7,0.0,0.0,0.0,0.0,0.0,0.56,0.44,2.12,2.69
Russell Wilson,SEA,2018,16.0,280.0,427.0,65.6,3448.0,8.1,35.0,7.0,110.87,67.0,376.0,5.6,0.0,Russell Wilson,2019,18.6,Russell Wilson,30,8.2,1.6,156,66,12.3,215.5,63.3,51,2.0,4.0,10,6,1.0,0.0,0.0,0.0,0.0,0.62,0.38,2.19,3.19
Russell Wilson,SEA,2019,16.0,341.0,516.0,66.1,4110.0,8.0,31.0,5.0,106.33,75.0,342.0,4.6,3.0,Russell Wilson,2019,23.5,Russell Wilson,31,6.0,1.0,190,60,12.1,256.9,71.5,48,4.0,5.0,11,5,1.0,1.0,0.0,0.0,0.0,0.69,0.31,1.94,3.0
Russell Wilson,SEA,2020,16.0,384.0,558.0,68.8,4212.0,7.5,40.0,13.0,105.07,83.0,513.0,6.2,2.0,Russell Wilson,2022,23.5,Russell Wilson,32,7.2,2.3,213,62,11.0,263.3,67.1,47,3.0,3.0,12,4,1.0,0.0,0.0,0.0,0.0,0.75,0.25,2.5,2.94
Russell Wilson,SEA,2021,14.0,259.0,400.0,64.8,3113.0,7.8,25.0,6.0,103.05,43.0,183.0,4.3,2.0,Russell Wilson,2022,23.5,Russell Wilson,33,6.3,1.5,135,69,12.0,222.4,54.7,33,0.0,1.0,6,8,0.0,0.0,0.0,0.0,0.0,0.43,0.57,1.79,2.36
Russell Wilson,DEN,2022,15.0,292.0,483.0,60.5,3524.0,7.3,16.0,11.0,84.42,55.0,277.0,5.0,3.0,Russell Wilson,2022,23.5,Russell Wilson,34,3.3,2.3,142,67,12.1,234.9,36.7,55,3.0,3.0,4,11,0.0,0.0,0.0,0.0,0.0,0.27,0.73,1.07,3.67
Matt Ryan,ATL,2010,16.0,357.0,571.0,62.5,3705.0,6.5,28.0,9.0,91.0,46.0,122.0,2.7,0.0,Matt Ryan,2013,16.9,Matt Ryan,25,4.9,1.6,202,46,10.4,231.6,71.2,23,5.0,6.0,13,3,0.0,1.0,0.0,0.0,0.0,0.81,0.19,1.75,1.44
Matt Ryan,ATL,2011,16.0,347.0,566.0,61.3,4177.0,7.4,29.0,12.0,92.17,37.0,84.0,2.3,2.0,Matt Ryan,2013,16.9,Matt Ryan,26,5.1,2.1,208,80,12.0,261.1,69.3,26,3.0,3.0,10,6,1.0,0.0,0.0,0.0,0.0,0.62,0.38,1.81,1.62
Matt Ryan,ATL,2012,16.0,422.0,615.0,68.6,4719.0,7.7,32.0,14.0,99.1,34.0,141.0,4.1,1.0,Matt Ryan,2013,16.9,Matt Ryan,27,5.2,2.3,248,80,11.2,294.9,71.6,28,4.0,6.0,13,3,0.0,1.0,1.0,0.0,0.0,0.81,0.19,2.0,1.75
Matt Ryan,ATL,2013,16.0,439.0,651.0,67.4,4515.0,6.9,26.0,17.0,89.61,17.0,55.0,3.2,0.0,Matt Ryan,2013,16.9,Matt Ryan,28,4.0,2.6,228,81,10.3,282.2,67.5,44,1.0,1.0,4,12,0.0,0.0,0.0,0.0,0.0,0.25,0.75,1.62,2.75
Matt Ryan,ATL,2014,16.0,415.0,628.0,66.1,4694.0,7.5,28.0,14.0,93.87,29.0,145.0,5.0,0.0,Matt Ryan,2018,16.9,Matt Ryan,29,4.5,2.2,233,79,11.3,293.4,66.8,31,3.0,3.0,6,10,0.0,0.0,0.0,0.0,0.0,0.38,0.62,1.75,1.94
Matt Ryan,ATL,2015,16.0,407.0,614.0,66.3,4591.0,7.5,21.0,16.0,89.02,37.0,63.0,1.7,0.0,Matt Ryan,2018,16.9,Matt Ryan,30,3.4,2.6,228,70,11.3,286.9,64.1,30,4.0,4.0,8,8,0.0,0.0,0.0,0.0,0.0,0.5,0.5,1.31,1.88
Matt Ryan,ATL,2016,16.0,373.0,534.0,69.9,4944.0,9.3,38.0,7.0,117.13,35.0,117.0,3.3,0.0,Matt Ryan,2018,16.9,Matt Ryan,31,7.1,1.3,240,76,13.3,309.0,79.6,37,1.0,2.0,11,5,0.0,1.0,1.0,1.0,0.0,0.69,0.31,2.38,2.31
Matt Ryan,ATL,2017,16.0,342.0,529.0,64.7,4095.0,7.7,20.0,12.0,91.36,32.0,143.0,4.5,0.0,Matt Ryan,2018,16.9,Matt Ryan,32,3.8,2.3,199,88,12.0,255.9,67.1,24,2.0,3.0,10,6,1.0,1.0,0.0,0.0,0.0,0.62,0.38,1.25,1.5
Matt Ryan,ATL,2018,16.0,422.0,608.0,69.4,4924.0,8.1,35.0,7.0,108.06,33.0,125.0,3.8,3.0,Matt Ryan,2018,16.9,Matt Ryan,33,5.8,1.2,236,75,11.7,307.8,65.7,42,1.0,1.0,7,9,0.0,0.0,0.0,0.0,0.0,0.44,0.56,2.19,2.62
Matt Flynn,GB,2013,7.0,124.0,200.0,62.0,1392.0,7.0,8.0,5.0,85.67,20.0,65.0,3.2,0.0,Matt Flynn,2013,0.7,Matt Flynn,28,4.0,2.5,0,56,11.2,198.9,52.59757709251101,24,3.0,2.0,2,3,1.0,0.0,0.0,0.0,0.0,0.29,0.43,1.14,3.43
Matt Flynn,GB,2013,7.0,124.0,200.0,62.0,1392.0,7.0,8.0,5.0,85.67,20.0,65.0,3.2,0.0,Matt Flynn,2013,0.7,Matt Flynn,28,4.0,2.5,0,56,11.2,198.9,52.59757709251101,24,3.0,2.0,2,3,1.0,0.0,0.0,0.0,0.0,0.29,0.43,1.14,3.43
Matt Barkley,CHI,2016,7.0,129.0,216.0,59.7,1611.0,7.5,8.0,14.0,68.27,7.0,2.0,0.3,0.0,Matt Barkley,2016,0.2,Matt Barkley,26,3.7,6.5,90,37,12.5,230.1,33.6,6,0.0,0.0,1,5,0.0,0.0,0.0,0.0,0.0,0.14,0.71,1.14,0.86
Matt Barkley,CHI,2016,7.0,129.0,216.0,59.7,1611.0,7.5,8.0,14.0,68.27,7.0,2.0,0.3,0.0,Matt Barkley,2016,0.2,Matt Barkley,26,3.7,6.5,90,37,12.5,230.1,33.6,6,0.0,0.0,1,5,0.0,0.0,0.0,0.0,0.0,0.14,0.71,1.14,0.86
Mike Glennon,TB,2013,13.0,247.0,416.0,59.4,2608.0,6.3,19.0,9.0,83.89,27.0,37.0,1.4,0.0,Mike Glennon,2013,9.0,Mike Glennon,24,4.6,2.2,128,85,10.6,200.6,55.2,40,2.0,2.0,4,9,0.0,0.0,0.0,0.0,0.0,0.31,0.69,1.46,3.08
Mike Glennon,TB,2014,6.0,117.0,203.0,57.6,1417.0,7.0,10.0,6.0,83.3,10.0,49.0,4.9,0.0,Mike Glennon,2017,9.0,Mike Glennon,25,4.9,3.0,64,41,12.1,236.2,49.7,16,1.0,1.0,1,4,0.0,0.0,0.0,0.0,0.0,0.17,0.67,1.67,2.67
Mike Glennon,CHI,2017,4.0,93.0,140.0,66.4,833.0,6.0,4.0,5.0,76.88,4.0,4.0,1.0,0.0,Mike Glennon,2017,0.6,Mike Glennon,28,2.9,3.6,42,29,9.0,208.3,24.6,8,0.0,1.0,1,3,0.0,0.0,0.0,0.0,0.0,0.25,0.75,1.0,2.0
Mike Glennon,JAX,2020,5.0,111.0,179.0,62.0,1072.0,6.0,7.0,5.0,80.11,6.0,17.0,2.8,0.0,Mike Glennon,2020,0.6,Mike Glennon,31,3.9,2.8,57,46,9.7,214.4,29.8,9,0.0,0.0,0,5,0.0,0.0,0.0,0.0,0.0,0.0,1.0,1.4,1.8
Mike Glennon,JAX,2020,5.0,111.0,179.0,62.0,1072.0,6.0,7.0,5.0,80.11,6.0,17.0,2.8,0.0,Mike Glennon,2020,0.1,Mike Glennon,31,3.9,2.8,57,46,9.7,214.4,29.8,9,0.0,0.0,0,5,0.0,0.0,0.0,0.0,0.0,0.0,1.0,1.4,1.8
Mike Glennon,JAX,2020,5.0,111.0,179.0,62.0,1072.0,6.0,7.0,5.0,80.11,6.0,17.0,2.8,0.0,Mike Glennon,2020,0.8,Mike Glennon,31,3.9,2.8,57,46,9.7,214.4,29.8,9,0.0,0.0,0,5,0.0,0.0,0.0,0.0,0.0,0.0,1.0,1.4,1.8
Mike Glennon,NYG,2021,6.0,90.0,167.0,53.9,790.0,4.7,4.0,10.0,49.74,7.0,33.0,4.7,1.0,Mike Glennon,2021,0.8,Mike Glennon,32,2.4,6.0,43,60,8.8,131.7,11.9,9,0.0,0.0,0,4,0.0,0.0,0.0,0.0,0.0,0.0,0.67,0.67,1.5
Drew Brees,NO,2010,16.0,448.0,658.0,68.1,4620.0,7.0,33.0,22.0,90.86,18.0,-3.0,-0.2,0.0,Drew Brees,2012,16.6,Drew Brees,31,5.0,3.3,238,80,10.3,288.8,70.8,25,4.0,5.0,11,5,1.0,0.0,0.0,0.0,0.0,0.69,0.31,2.06,1.56
Drew Brees,NO,2011,16.0,468.0,657.0,71.2,5476.0,8.3,46.0,14.0,110.63,21.0,86.0,4.1,1.0,Drew Brees,2012,16.6,Drew Brees,32,7.0,2.1,279,79,11.7,342.3,82.3,24,3.0,4.0,13,3,1.0,1.0,0.0,0.0,0.0,0.81,0.19,2.88,1.5
Drew Brees,NO,2012,16.0,422.0,670.0,63.0,5177.0,7.7,43.0,19.0,96.34,15.0,5.0,0.3,1.0,Drew Brees,2012,15.6,Drew Brees,33,6.4,2.8,266,80,12.3,323.6,68.7,26,1.0,2.0,7,9,0.0,0.0,0.0,0.0,0.0,0.44,0.56,2.69,1.62
Drew Brees,NO,2013,16.0,446.0,650.0,68.6,5162.0,7.9,39.0,12.0,104.66,35.0,52.0,1.5,3.0,Drew Brees,2016,15.6,Drew Brees,34,6.0,1.8,246,76,11.6,322.6,69.1,37,2.0,2.0,11,5,1.0,1.0,0.0,0.0,0.0,0.69,0.31,2.44,2.31
Drew Brees,NO,2014,16.0,456.0,659.0,69.2,4952.0,7.5,33.0,17.0,97.0,27.0,68.0,2.5,1.0,Drew Brees,2016,15.6,Drew Brees,35,5.0,2.6,259,69,10.9,309.5,73.2,29,2.0,2.0,7,9,0.0,0.0,0.0,0.0,0.0,0.44,0.56,2.06,1.81
Drew Brees,NO,2015,15.0,428.0,627.0,68.3,4870.0,7.8,32.0,11.0,101.03,24.0,14.0,0.6,1.0,Drew Brees,2016,15.6,Drew Brees,36,5.1,1.8,228,80,11.4,324.7,66.8,31,1.0,2.0,7,8,0.0,0.0,0.0,0.0,0.0,0.47,0.53,2.13,2.07
Drew Brees,NO,2016,16.0,471.0,673.0,70.0,5208.0,7.7,37.0,15.0,101.69,23.0,20.0,0.9,2.0,Drew Brees,2016,14.1,Drew Brees,37,5.5,2.2,265,98,11.1,325.5,66.8,27,2.0,4.0,7,9,0.0,0.0,0.0,0.0,0.0,0.44,0.56,2.31,1.69
Drew Brees,NO,2017,16.0,386.0,536.0,72.0,4334.0,8.1,23.0,8.0,103.87,33.0,12.0,0.4,2.0,Drew Brees,2018,14.1,Drew Brees,38,4.3,1.5,203,54,11.2,270.9,62.5,20,2.0,2.0,11,5,1.0,1.0,0.0,0.0,0.0,0.69,0.31,1.44,1.25
Drew Brees,NO,2018,15.0,364.0,489.0,74.4,3992.0,8.2,32.0,5.0,115.68,31.0,22.0,0.7,4.0,Drew Brees,2018,12.6,Drew Brees,39,6.5,1.0,197,72,11.0,266.1,79.2,17,6.0,7.0,13,2,0.0,1.0,1.0,0.0,0.0,0.87,0.13,2.13,1.13
Drew Brees,NO,2019,11.0,281.0,378.0,74.3,2979.0,7.9,27.0,4.0,116.27,9.0,-4.0,-0.4,1.0,Drew Brees,2020,12.6,Drew Brees,40,7.1,1.1,159,61,10.6,270.8,73.3,12,1.0,2.0,8,3,1.0,0.0,0.0,0.0,0.0,0.73,0.27,2.45,1.09
Drew Brees,NO,2020,12.0,275.0,390.0,70.5,2942.0,7.5,24.0,6.0,106.38,18.0,-2.0,-0.1,2.0,Drew Brees,2020,12.6,Drew Brees,41,6.2,1.5,149,52,10.7,245.2,68.3,13,1.0,3.0,9,3,1.0,1.0,0.0,0.0,0.0,0.75,0.25,2.0,1.08
Tom Brady,NE,2010,16.0,324.0,492.0,65.9,3900.0,7.9,36.0,4.0,110.99,31.0,30.0,1.0,1.0,Tom Brady,2013,9.3,Tom Brady,33,7.3,0.8,189,79,12.0,243.8,79.1,25,2.0,3.0,14,2,0.0,1.0,0.0,0.0,0.0,0.88,0.12,2.25,1.56
Tom Brady,NE,2011,16.0,401.0,611.0,65.6,5235.0,8.6,39.0,12.0,105.57,43.0,109.0,2.5,3.0,Tom Brady,2013,9.3,Tom Brady,34,6.4,2.0,262,99,13.1,327.2,73.8,32,1.0,2.0,13,3,0.0,1.0,1.0,1.0,0.0,0.81,0.19,2.44,2.0
Tom Brady,NE,2012,16.0,401.0,637.0,63.0,4827.0,7.6,34.0,8.0,98.68,23.0,32.0,1.4,4.0,Tom Brady,2013,9.3,Tom Brady,35,5.3,1.3,256,83,12.0,301.7,76.1,27,1.0,2.0,12,4,0.0,1.0,1.0,0.0,0.0,0.75,0.25,2.12,1.69
Tom Brady,NE,2013,16.0,380.0,628.0,60.5,4343.0,6.9,25.0,11.0,87.29,33.0,18.0,0.5,0.0,Tom Brady,2013,13.2,Tom Brady,36,4.0,1.8,226,81,11.4,271.4,63.1,40,5.0,5.0,12,4,0.0,1.0,1.0,0.0,0.0,0.75,0.25,1.56,2.5
Tom Brady,NE,2014,16.0,374.0,583.0,64.2,4109.0,7.0,33.0,9.0,97.34,36.0,57.0,1.6,0.0,Tom Brady,2016,13.2,Tom Brady,37,5.7,1.5,221,69,11.0,256.8,77.2,21,2.0,2.0,12,4,0.0,1.0,1.0,1.0,1.0,0.75,0.25,2.06,1.31
Tom Brady,NE,2015,16.0,402.0,624.0,64.4,4770.0,7.6,36.0,7.0,102.18,34.0,53.0,1.6,3.0,Tom Brady,2016,13.2,Tom Brady,38,5.8,1.1,229,76,11.9,298.1,68.4,38,2.0,2.0,12,4,0.0,1.0,1.0,0.0,0.0,0.75,0.25,2.25,2.38
Tom Brady,NE,2016,12.0,291.0,432.0,67.4,3554.0,8.2,28.0,2.0,112.17,28.0,64.0,2.3,0.0,Tom Brady,2016,12.2,Tom Brady,39,6.5,0.5,165,79,12.2,296.2,79.4,15,1.0,1.0,11,1,0.0,1.0,1.0,1.0,1.0,0.92,0.08,2.33,1.25
Tom Brady,NE,2017,16.0,385.0,581.0,66.3,4577.0,7.9,32.0,8.0,102.75,25.0,28.0,1.1,0.0,Tom Brady,2019,12.2,Tom Brady,40,5.5,1.4,230,64,11.9,286.1,70.6,35,2.0,2.0,13,3,0.0,1.0,1.0,1.0,0.0,0.81,0.19,2.0,2.19
Tom Brady,NE,2018,16.0,375.0,570.0,65.8,4355.0,7.6,29.0,11.0,97.66,23.0,35.0,1.5,2.0,Tom Brady,2019,12.2,Tom Brady,41,5.1,1.9,205,63,11.6,272.2,68.4,21,1.0,2.0,11,5,0.0,1.0,1.0,1.0,1.0,0.69,0.31,1.81,1.31
Tom Brady,NE,2019,16.0,373.0,613.0,60.8,4057.0,6.6,24.0,8.0,87.98,26.0,34.0,1.3,3.0,Tom Brady,2019,12.6,Tom Brady,42,3.9,1.3,193,59,10.9,253.6,55.7,27,1.0,1.0,12,4,1.0,0.0,0.0,0.0,0.0,0.75,0.25,1.5,1.69
Tom Brady,TB,2020,16.0,401.0,610.0,65.7,4633.0,7.6,40.0,12.0,102.17,30.0,6.0,0.2,3.0,Tom Brady,2020,13.7,Tom Brady,43,6.6,2.0,233,50,11.6,289.6,66.0,21,3.0,3.0,11,5,1.0,1.0,1.0,1.0,1.0,0.69,0.31,2.5,1.31
Tom Brady,TB,2021,17.0,485.0,719.0,67.5,5316.0,7.4,43.0,12.0,102.08,28.0,81.0,2.9,2.0,Tom Brady,2021,13.7,Tom Brady,44,6.0,1.7,269,62,11.0,312.7,68.1,22,3.0,5.0,13,4,1.0,1.0,0.0,0.0,0.0,0.76,0.24,2.53,1.29
Andy Dalton,CIN,2011,16.0,300.0,516.0,58.1,3398.0,6.6,20.0,13.0,80.39,37.0,152.0,4.1,1.0,Andy Dalton,2011,12.0,Andy Dalton,24,3.9,2.5,151,84,11.3,212.4,49.5,24,4.0,4.0,9,7,1.0,0.0,0.0,0.0,0.0,0.56,0.44,1.25,1.5
Andy Dalton,CIN,2012,16.0,329.0,528.0,62.3,3669.0,6.9,27.0,16.0,87.38,47.0,120.0,2.6,4.0,Andy Dalton,2014,12.0,Andy Dalton,25,5.1,3.0,172,59,11.2,229.3,47.7,46,1.0,3.0,10,6,1.0,0.0,0.0,0.0,0.0,0.62,0.38,1.69,2.88
Andy Dalton,CIN,2013,16.0,363.0,586.0,61.9,4296.0,7.3,33.0,20.0,88.8,61.0,183.0,3.0,2.0,Andy Dalton,2014,12.0,Andy Dalton,26,5.6,3.4,206,82,11.8,268.3,54.8,29,1.0,3.0,11,5,1.0,0.0,0.0,0.0,0.0,0.69,0.31,2.06,1.81
Andy Dalton,CIN,2014,16.0,309.0,482.0,64.1,3398.0,7.0,19.0,17.0,83.32,60.0,169.0,2.8,4.0,Andy Dalton,2014,1.5,Andy Dalton,27,4.0,3.5,160,81,11.0,212.4,49.0,21,4.0,3.0,10,5,1.0,0.0,0.0,0.0,0.0,0.62,0.31,1.19,1.31
Andy Dalton,CIN,2015,13.0,255.0,386.0,66.1,3250.0,8.4,25.0,7.0,106.25,57.0,142.0,2.5,3.0,Andy Dalton,2020,1.5,Andy Dalton,28,6.5,1.8,148,80,12.7,250.0,72.5,20,3.0,3.0,10,3,1.0,0.0,0.0,0.0,0.0,0.77,0.23,1.92,1.54
Andy Dalton,CIN,2016,16.0,364.0,563.0,64.7,4206.0,7.5,18.0,8.0,91.83,46.0,184.0,4.0,4.0,Andy Dalton,2020,1.5,Andy Dalton,29,3.2,1.4,206,86,11.6,262.9,52.3,41,2.0,1.0,6,9,0.0,0.0,0.0,0.0,0.0,0.38,0.56,1.12,2.56
Andy Dalton,CIN,2017,16.0,297.0,496.0,59.9,3320.0,6.7,25.0,12.0,86.59,38.0,99.0,2.6,0.0,Andy Dalton,2020,1.5,Andy Dalton,30,5.0,2.4,163,77,11.2,207.5,44.8,39,3.0,3.0,7,9,0.0,0.0,0.0,0.0,0.0,0.44,0.56,1.56,2.44
Andy Dalton,CIN,2018,11.0,226.0,365.0,61.9,2566.0,7.0,21.0,11.0,89.59,16.0,99.0,6.2,0.0,Andy Dalton,2020,1.5,Andy Dalton,31,5.8,3.0,132,49,11.4,233.3,59.4,21,3.0,4.0,5,6,0.0,0.0,0.0,0.0,0.0,0.45,0.55,1.91,1.91
Andy Dalton,CIN,2019,13.0,314.0,528.0,59.5,3494.0,6.6,16.0,14.0,78.27,32.0,73.0,2.3,4.0,Andy Dalton,2020,1.5,Andy Dalton,32,3.0,2.7,170,66,11.1,268.8,42.1,37,0.0,0.0,2,11,0.0,0.0,0.0,0.0,0.0,0.15,0.85,1.23,2.85
Andy Dalton,DAL,2020,11.0,216.0,333.0,64.9,2169.0,6.5,14.0,8.0,87.28,28.0,114.0,4.1,0.0,Andy Dalton,2020,5.5,Andy Dalton,33,4.2,2.4,116,69,10.0,197.3,46.1,24,2.0,3.0,4,5,0.0,0.0,0.0,0.0,0.0,0.36,0.45,1.27,2.18
Andy Dalton,CHI,2021,8.0,149.0,236.0,63.1,1515.0,6.4,8.0,9.0,76.85,16.0,76.0,4.8,0.0,Andy Dalton,2021,1.4,Andy Dalton,34,3.4,3.8,83,60,10.2,189.4,33.6,18,1.0,1.0,3,3,0.0,0.0,0.0,0.0,0.0,0.38,0.38,1.0,2.25
Andy Dalton,NO,2022,14.0,252.0,378.0,66.7,2871.0,7.6,18.0,9.0,95.24,30.0,54.0,1.8,0.0,Andy Dalton,2022,1.4,Andy Dalton,35,4.8,2.4,135,64,11.4,205.1,50.7,25,1.0,1.0,6,8,0.0,0.0,0.0,0.0,0.0,0.43,0.57,1.29,1.79
Mark Sanchez,NYJ,2010,16.0,278.0,507.0,54.8,3291.0,6.5,17.0,13.0,75.32,30.0,105.0,3.5,3.0,Mark Sanchez,2012,11.2,Mark Sanchez,24,3.4,2.6,162,74,11.8,205.7,51.3,27,3.0,5.0,11,5,1.0,1.0,1.0,0.0,0.0,0.69,0.31,1.06,1.69
Mark Sanchez,NYJ,2011,16.0,308.0,542.0,56.8,3474.0,6.4,26.0,18.0,78.3,37.0,103.0,2.8,6.0,Mark Sanchez,2012,11.2,Mark Sanchez,25,4.8,3.3,172,74,11.3,217.1,42.1,39,4.0,4.0,8,8,0.0,0.0,0.0,0.0,0.0,0.5,0.5,1.62,2.44
Mark Sanchez,NYJ,2012,15.0,246.0,453.0,54.3,2883.0,6.4,13.0,18.0,66.86,22.0,28.0,1.3,0.0,Mark Sanchez,2012,1.7,Mark Sanchez,26,2.9,4.0,146,66,11.7,192.2,27.1,34,1.0,1.0,6,9,0.0,0.0,0.0,0.0,0.0,0.4,0.6,0.87,2.27
Mark Sanchez,PHI,2014,9.0,198.0,309.0,64.1,2418.0,7.8,14.0,11.0,88.36,34.0,87.0,2.6,1.0,Mark Sanchez,2014,1.7,Mark Sanchez,28,4.5,3.6,119,72,12.2,268.7,55.3,23,0.0,0.0,4,4,0.0,0.0,0.0,0.0,0.0,0.44,0.44,1.56,2.56
Matt Moore,CAR,2010,6.0,79.0,143.0,55.2,857.0,6.0,5.0,10.0,55.61,5.0,25.0,5.0,0.0,Matt Moore,2011,2.1,Matt Moore,26,3.5,7.0,47,39,10.8,142.8,36.9,13,1.0,1.0,1,4,0.0,0.0,0.0,0.0,0.0,0.17,0.67,0.83,2.17
Matt Moore,MIA,2011,13.0,211.0,348.0,60.6,2510.0,7.2,16.0,9.0,87.21,32.0,72.0,2.2,2.0,Matt Moore,2011,0.5,Matt Moore,27,4.6,2.6,122,65,11.9,192.1,55.7,36,1.0,1.0,6,6,0.0,0.0,0.0,0.0,0.0,0.46,0.46,1.23,2.77
Matt Moore,MIA,2017,4.0,78.0,127.0,61.4,861.0,6.8,4.0,5.0,75.61,3.0,9.0,3.0,0.0,Matt Moore,2019,0.5,Matt Moore,33,3.1,3.9,40,61,11.0,215.3,41.3,12,1.0,1.0,0,2,0.0,0.0,0.0,0.0,0.0,0.0,0.5,1.0,3.0
Colin Kaepernick,SF,2012,13.0,136.0,218.0,62.4,1814.0,8.3,10.0,3.0,98.3,63.0,415.0,6.6,5.0,Colin Kaepernick,2014,14.3,Colin Kaepernick,25,4.6,1.4,86,57,13.3,139.5,71.8,16,1.0,1.0,5,2,0.0,1.0,1.0,1.0,0.0,0.38,0.15,0.77,1.23
Colin Kaepernick,SF,2013,16.0,243.0,416.0,58.4,3197.0,7.7,21.0,8.0,91.6,92.0,524.0,5.7,4.0,Colin Kaepernick,2014,14.3,Colin Kaepernick,26,5.0,1.9,148,64,13.2,199.8,67.3,39,2.0,3.0,12,4,1.0,1.0,1.0,0.0,0.0,0.75,0.25,1.31,2.44
Colin Kaepernick,SF,2014,16.0,289.0,478.0,60.5,3369.0,7.0,19.0,10.0,86.37,105.0,641.0,6.1,1.0,Colin Kaepernick,2014,10.0,Colin Kaepernick,27,4.0,2.1,164,80,11.7,210.6,58.1,52,3.0,2.0,8,8,0.0,0.0,0.0,0.0,0.0,0.5,0.5,1.19,3.25
Colin Kaepernick,SF,2015,9.0,144.0,244.0,59.0,1615.0,6.6,6.0,5.0,78.5,45.0,256.0,5.7,1.0,Colin Kaepernick,2016,10.0,Colin Kaepernick,28,2.5,2.0,73,76,11.2,179.4,43.7,28,0.0,0.0,2,6,0.0,0.0,0.0,0.0,0.0,0.22,0.67,0.67,3.11
Colin Kaepernick,SF,2016,12.0,196.0,332.0,59.0,2241.0,6.8,16.0,4.0,90.45,69.0,468.0,6.8,2.0,Colin Kaepernick,2016,10.0,Colin Kaepernick,29,4.8,1.2,101,65,11.4,186.8,49.2,36,1.0,1.0,1,10,0.0,0.0,0.0,0.0,0.0,0.08,0.83,1.33,3.0
Teddy Bridgewater,MIN,2014,13.0,259.0,402.0,64.4,2919.0,7.3,14.0,12.0,85.2,47.0,209.0,4.4,1.0,Teddy Bridgewater,2014,3.4,Teddy Bridgewater,22,3.5,3.0,137,87,11.3,224.5,51.6,39,3.0,3.0,6,6,0.0,0.0,0.0,0.0,0.0,0.46,0.46,1.08,3.0
Teddy Bridgewater,MIN,2015,16.0,292.0,447.0,65.3,3231.0,7.2,14.0,9.0,88.69,44.0,192.0,4.4,3.0,Teddy Bridgewater,2018,3.9,Teddy Bridgewater,23,3.1,2.0,153,52,11.1,201.9,57.7,44,1.0,1.0,11,5,1.0,0.0,0.0,0.0,0.0,0.69,0.31,0.88,2.75
Teddy Bridgewater,NO,2019,9.0,133.0,196.0,67.9,1384.0,7.1,9.0,2.0,99.11,28.0,31.0,1.1,0.0,Teddy Bridgewater,2019,10.6,Teddy Bridgewater,27,4.6,1.0,67,45,10.4,153.8,50.9,12,1.0,2.0,5,0,1.0,0.0,0.0,0.0,0.0,0.56,0.0,1.0,1.33
Teddy Bridgewater,CAR,2020,15.0,340.0,492.0,69.1,3733.0,7.6,15.0,11.0,92.13,53.0,279.0,5.3,5.0,Teddy Bridgewater,2020,6.3,Teddy Bridgewater,28,3.0,2.2,174,75,11.0,248.9,56.8,31,0.0,0.0,4,11,0.0,0.0,0.0,0.0,0.0,0.27,0.73,1.0,2.07
Teddy Bridgewater,DEN,2021,14.0,285.0,426.0,66.9,3052.0,7.2,18.0,7.0,94.92,30.0,106.0,3.5,2.0,Teddy Bridgewater,2021,6.3,Teddy Bridgewater,29,4.2,1.6,146,64,10.7,218.0,47.4,31,0.0,1.0,7,7,0.0,0.0,0.0,0.0,0.0,0.5,0.5,1.29,2.21
Matt Schaub,HOU,2010,16.0,365.0,574.0,63.6,4369.0,7.6,24.0,12.0,92.02,22.0,28.0,1.3,0.0,Matt Schaub,2012,12.9,Matt Schaub,29,4.2,2.1,221,60,12.0,273.1,61.0,32,2.0,2.0,6,10,0.0,0.0,0.0,0.0,0.0,0.38,0.62,1.5,2.0
Matt Schaub,HOU,2011,10.0,178.0,292.0,61.0,2479.0,8.5,15.0,6.0,96.82,15.0,9.0,0.6,2.0,Matt Schaub,2012,12.9,Matt Schaub,30,5.1,2.1,118,80,13.9,247.9,73.8,16,0.0,1.0,7,3,1.0,1.0,0.0,0.0,0.0,0.7,0.3,1.5,1.6
Matt Schaub,HOU,2012,16.0,350.0,544.0,64.3,4008.0,7.4,22.0,12.0,90.69,21.0,-9.0,-0.4,0.0,Matt Schaub,2012,5.1,Matt Schaub,31,4.0,2.2,203,60,11.5,250.5,61.3,27,2.0,2.0,12,4,1.0,1.0,0.0,0.0,0.0,0.75,0.25,1.38,1.69
Matt Schaub,HOU,2013,10.0,219.0,358.0,61.2,2310.0,6.5,10.0,14.0,72.96,5.0,24.0,4.8,0.0,Matt Schaub,2014,5.1,Matt Schaub,32,2.8,3.9,116,46,10.5,231.0,38.3,21,2.0,2.0,2,6,0.0,0.0,0.0,0.0,0.0,0.2,0.6,1.0,2.1
Donovan McNabb,WAS,2010,13.0,275.0,472.0,58.3,3377.0,7.2,14.0,15.0,77.09,29.0,151.0,5.2,0.0,Donovan McNabb,2011,4.2,Donovan McNabb,34,3.0,3.2,152,76,12.3,259.8,47.8,37,2.0,2.0,5,8,0.0,0.0,0.0,0.0,0.0,0.38,0.62,1.08,2.85
Donovan McNabb,MIN,2011,6.0,94.0,156.0,60.3,1026.0,6.6,4.0,2.0,82.91,14.0,59.0,4.2,1.0,Donovan McNabb,2011,4.2,Donovan McNabb,35,2.6,1.3,52,60,10.9,171.0,54.6,16,0.0,0.0,1,5,0.0,0.0,0.0,0.0,0.0,0.17,0.83,0.67,2.67
Lamar Jackson,BAL,2018,16.0,99.0,170.0,58.2,1201.0,7.1,6.0,3.0,84.46,147.0,695.0,4.7,5.0,Lamar Jackson,2018,23.1,Lamar Jackson,21,3.5,1.8,60,74,12.1,75.1,42.6,16,0.0,1.0,6,1,1.0,0.0,0.0,0.0,0.0,0.38,0.06,0.38,1.0
Lamar Jackson,BAL,2019,15.0,265.0,401.0,66.1,3127.0,7.8,36.0,6.0,113.34,176.0,1206.0,6.9,7.0,Lamar Jackson,2023,23.1,Lamar Jackson,22,9.0,1.5,161,83,11.8,208.5,83.0,23,1.0,2.0,13,2,0.0,1.0,0.0,0.0,0.0,0.87,0.13,2.4,1.53
Lamar Jackson,BAL,2020,15.0,242.0,376.0,64.4,2757.0,7.3,26.0,9.0,99.35,159.0,1005.0,6.3,7.0,Lamar Jackson,2023,23.1,Lamar Jackson,23,6.9,2.4,138,47,11.4,183.8,67.3,29,1.0,1.0,11,4,1.0,1.0,0.0,0.0,0.0,0.73,0.27,1.73,1.93
Lamar Jackson,BAL,2021,12.0,246.0,382.0,64.4,2882.0,7.5,16.0,13.0,86.97,133.0,767.0,5.8,2.0,Lamar Jackson,2023,23.1,Lamar Jackson,24,4.2,3.4,135,49,11.7,240.2,50.7,38,4.0,4.0,7,5,0.0,0.0,0.0,0.0,0.0,0.58,0.42,1.33,3.17
Lamar Jackson,BAL,2022,12.0,203.0,326.0,62.3,2242.0,6.9,17.0,7.0,91.07,112.0,764.0,6.8,3.0,Lamar Jackson,2023,23.1,Lamar Jackson,25,5.2,2.1,105,75,11.0,186.8,59.1,26,1.0,2.0,8,4,1.0,0.0,0.0,0.0,0.0,0.67,0.33,1.42,2.17
Kyle Orton,DEN,2010,13.0,293.0,498.0,58.8,3652.0,7.3,20.0,9.0,87.53,22.0,98.0,4.5,0.0,Kyle Orton,2012,2.9,Kyle Orton,28,4.0,1.8,173,71,12.5,281.0,53.8,34,1.0,1.0,3,10,0.0,0.0,0.0,0.0,0.0,0.23,0.77,1.54,2.62
Kyle Orton,KC,2011,9.0,150.0,252.0,59.5,1758.0,7.0,9.0,9.0,77.78,11.0,13.0,1.2,0.0,Kyle Orton,2012,4.1,Kyle Orton,29,3.6,3.6,0,52,11.7,195.3,53.0,10,0.0,0.0,3,5,0.0,0.0,0.0,0.0,0.0,0.33,0.56,1.0,1.11
Kyle Orton,BUF,2014,12.0,287.0,447.0,64.2,3018.0,6.8,18.0,10.0,87.82,15.0,14.0,0.9,1.0,Kyle Orton,2014,4.1,Kyle Orton,32,4.0,2.2,148,84,10.5,251.5,44.5,33,2.0,2.0,7,5,0.0,0.0,0.0,0.0,0.0,0.58,0.42,1.5,2.75
Jason Campbell,LV,2010,13.0,194.0,329.0,59.0,2387.0,7.3,13.0,8.0,84.49,47.0,222.0,4.7,1.0,Jason Campbell,2012,2.9,Jason Campbell,29,4.0,2.4,111,73,12.3,183.6,48.8,33,2.0,2.0,7,5,0.0,0.0,0.0,0.0,0.0,0.54,0.38,1.0,2.54
Jason Campbell,LV,2011,6.0,100.0,165.0,60.6,1170.0,7.1,6.0,4.0,84.15,18.0,60.0,3.3,2.0,Jason Campbell,2012,1.5,Jason Campbell,30,3.6,2.4,56,58,11.7,195.0,56.2,5,1.0,1.0,4,2,0.0,0.0,0.0,0.0,0.0,0.67,0.33,1.0,0.83
Jason Campbell,CLE,2013,9.0,180.0,317.0,56.8,2015.0,6.4,11.0,8.0,76.94,14.0,107.0,7.6,0.0,Jason Campbell,2013,1.5,Jason Campbell,32,3.5,2.5,86,80,11.2,223.9,43.3,16,0.0,0.0,1,7,0.0,0.0,0.0,0.0,0.0,0.11,0.78,1.22,1.78
Kevin Kolb,PHI,2010,7.0,115.0,189.0,60.8,1197.0,6.3,7.0,7.0,76.09,14.0,68.0,4.9,0.0,Kevin Kolb,2011,10.3,Kevin Kolb,26,3.7,3.7,58,83,10.4,171.0,44.9,15,0.0,0.0,2,3,1.0,0.0,0.0,0.0,0.0,0.29,0.43,1.0,2.14
Kevin Kolb,ARI,2011,9.0,146.0,253.0,57.7,1955.0,7.7,9.0,8.0,81.05,17.0,65.0,3.8,0.0,Kevin Kolb,2011,2.5,Kevin Kolb,27,3.6,3.2,87,73,13.4,217.2,33.3,30,2.0,1.0,3,6,0.0,0.0,0.0,0.0,0.0,0.33,0.67,1.0,3.33
Kevin Kolb,ARI,2012,6.0,109.0,183.0,59.6,1169.0,6.4,8.0,3.0,86.08,16.0,100.0,6.2,1.0,Kevin Kolb,2013,2.5,Kevin Kolb,28,4.4,1.6,63,46,10.7,194.8,42.7,27,2.0,2.0,3,2,0.0,0.0,0.0,0.0,0.0,0.5,0.33,1.33,4.5
Andrew Luck,IND,2012,16.0,339.0,627.0,54.1,4374.0,7.0,23.0,18.0,76.47,62.0,255.0,4.1,5.0,Andrew Luck,2012,15.8,Andrew Luck,23,3.7,2.9,208,70,12.9,273.4,65.6,41,4.0,7.0,11,5,1.0,0.0,0.0,0.0,0.0,0.69,0.31,1.44,2.56
Andrew Luck,IND,2013,16.0,343.0,570.0,60.2,3822.0,6.7,23.0,9.0,87.04,63.0,377.0,6.0,4.0,Andrew Luck,2016,15.8,Andrew Luck,24,4.0,1.6,189,73,11.1,238.9,63.8,32,3.0,3.0,11,5,1.0,1.0,0.0,0.0,0.0,0.69,0.31,1.44,2.0
Andrew Luck,IND,2014,16.0,380.0,616.0,61.7,4761.0,7.7,40.0,16.0,96.52,64.0,263.0,4.1,3.0,Andrew Luck,2016,15.8,Andrew Luck,25,6.5,2.6,235,80,12.5,297.6,64.0,27,1.0,1.0,11,5,1.0,1.0,1.0,0.0,0.0,0.69,0.31,2.5,1.69
Andrew Luck,IND,2015,7.0,162.0,293.0,55.3,1881.0,6.4,15.0,12.0,74.91,33.0,196.0,5.9,0.0,Andrew Luck,2016,15.8,Andrew Luck,26,5.1,4.1,92,87,11.6,268.7,52.4,15,1.0,2.0,2,5,0.0,0.0,0.0,0.0,0.0,0.29,0.71,2.14,2.14
Andrew Luck,IND,2016,15.0,346.0,545.0,63.5,4240.0,7.8,31.0,13.0,96.43,64.0,341.0,5.3,2.0,Andrew Luck,2016,15.8,Andrew Luck,27,5.7,2.4,206,64,12.3,282.7,65.9,41,4.0,4.0,8,7,0.0,0.0,0.0,0.0,0.0,0.53,0.47,2.07,2.73
Colt McCoy,CLE,2010,8.0,135.0,222.0,60.8,1576.0,7.1,6.0,9.0,74.46,28.0,136.0,4.9,1.0,Colt McCoy,2014,0.6,Colt McCoy,24,2.7,4.1,77,47,11.7,197.0,52.8,23,0.0,0.0,2,6,0.0,0.0,0.0,0.0,0.0,0.25,0.75,0.75,2.88
Colt McCoy,CLE,2011,13.0,265.0,463.0,57.2,2733.0,5.9,14.0,11.0,74.55,60.0,214.0,3.6,0.0,Colt McCoy,2014,0.6,Colt McCoy,25,3.0,2.4,142,56,10.3,210.2,45.9,32,1.0,3.0,4,9,0.0,0.0,0.0,0.0,0.0,0.31,0.69,1.08,2.46
Colt McCoy,WAS,2014,5.0,91.0,128.0,71.1,1057.0,8.3,4.0,3.0,96.39,16.0,66.0,4.1,1.0,Colt McCoy,2014,1.6,Colt McCoy,28,3.1,2.3,44,70,11.6,211.4,40.0,17,1.0,2.0,1,3,0.0,0.0,0.0,0.0,0.0,0.2,0.6,0.8,3.4
Colt McCoy,ARI,2022,4.0,90.0,132.0,68.2,780.0,5.9,1.0,3.0,76.58,14.0,36.0,2.6,0.0,Colt McCoy,2022,1.6,Colt McCoy,36,0.8,2.3,34,47,8.7,195.0,37.4,13,0.0,0.0,1,2,0.0,0.0,0.0,0.0,0.0,0.25,0.5,0.25,3.25
Alex Smith,SF,2010,11.0,204.0,342.0,59.6,2370.0,6.9,14.0,10.0,82.13,18.0,60.0,3.3,0.0,Alex Smith,2011,3.3,Alex Smith,26,4.1,2.9,102,62,11.6,215.5,43.8,25,0.0,0.0,3,7,0.0,0.0,0.0,0.0,0.0,0.27,0.64,1.27,2.27
Alex Smith,SF,2011,16.0,274.0,446.0,61.4,3150.0,7.1,17.0,5.0,90.74,52.0,179.0,3.4,2.0,Alex Smith,2011,6.6,Alex Smith,27,3.8,1.1,145,56,11.5,196.5,54.5,44,5.0,5.0,13,3,0.0,1.0,1.0,0.0,0.0,0.81,0.19,1.06,2.75
Alex Smith,SF,2012,16.0,153.0,218.0,70.2,1737.0,8.0,13.0,5.0,104.09,31.0,132.0,4.3,0.0,Alex Smith,2012,12.8,Alex Smith,28,6.0,2.3,87,55,11.4,173.7,65.1,24,0.0,0.0,6,2,0.0,1.0,1.0,1.0,0.0,0.38,0.12,0.81,1.5
Alex Smith,KC,2013,15.0,308.0,508.0,60.6,3313.0,6.5,23.0,7.0,89.13,76.0,431.0,5.7,1.0,Alex Smith,2014,12.8,Alex Smith,29,4.5,1.4,168,71,10.8,220.9,45.0,39,1.0,1.0,11,4,1.0,0.0,0.0,0.0,0.0,0.73,0.27,1.53,2.6
Alex Smith,KC,2014,15.0,303.0,464.0,65.3,3265.0,7.0,18.0,6.0,93.36,49.0,254.0,5.2,1.0,Alex Smith,2014,13.3,Alex Smith,30,3.9,1.3,179,70,10.8,217.7,52.0,45,3.0,3.0,8,7,0.0,0.0,0.0,0.0,0.0,0.53,0.47,1.2,3.0
Alex Smith,KC,2015,16.0,307.0,470.0,65.3,3486.0,7.4,20.0,7.0,95.4,84.0,498.0,5.9,2.0,Alex Smith,2018,13.3,Alex Smith,31,4.3,1.5,155,80,11.4,217.9,61.1,45,1.0,1.0,11,5,1.0,1.0,0.0,0.0,0.0,0.69,0.31,1.25,2.81
Alex Smith,KC,2016,15.0,328.0,489.0,67.1,3502.0,7.2,15.0,8.0,91.23,48.0,134.0,2.8,5.0,Alex Smith,2018,13.3,Alex Smith,32,3.1,1.6,182,80,10.7,233.5,60.8,28,3.0,3.0,11,4,0.0,1.0,0.0,0.0,0.0,0.73,0.27,1.0,1.87
Alex Smith,KC,2017,15.0,341.0,505.0,67.5,4042.0,8.0,26.0,5.0,104.74,60.0,355.0,5.9,1.0,Alex Smith,2018,13.3,Alex Smith,33,5.1,1.0,182,79,11.9,269.5,65.1,35,1.0,3.0,9,6,1.0,0.0,0.0,0.0,0.0,0.6,0.4,1.73,2.33
Alex Smith,WAS,2018,10.0,205.0,328.0,62.5,2180.0,6.6,10.0,5.0,85.67,41.0,168.0,4.1,1.0,Alex Smith,2018,13.3,Alex Smith,34,3.0,1.5,106,52,10.6,218.0,46.9,22,0.0,0.0,6,4,0.0,0.0,0.0,0.0,0.0,0.6,0.4,1.0,2.2
Matt Hasselbeck,SEA,2010,14.0,266.0,444.0,59.9,2998.0,6.8,12.0,17.0,73.2,23.0,60.0,2.6,3.0,Matt Hasselbeck,2011,5.5,Matt Hasselbeck,35,2.7,3.8,137,87,11.3,214.4,52.3,29,0.0,0.0,6,8,1.0,1.0,0.0,0.0,0.0,0.43,0.57,0.86,2.07
Matt Hasselbeck,TEN,2011,16.0,319.0,518.0,61.6,3571.0,6.9,18.0,14.0,82.45,20.0,52.0,2.6,0.0,Matt Hasselbeck,2011,2.9,Matt Hasselbeck,36,3.5,2.7,163,80,11.2,223.2,51.4,19,2.0,3.0,9,7,0.0,0.0,0.0,0.0,0.0,0.56,0.44,1.12,1.19
Matt Hasselbeck,TEN,2012,8.0,138.0,221.0,62.4,1367.0,6.2,7.0,5.0,81.02,13.0,38.0,2.9,0.0,Matt Hasselbeck,2013,2.1,Matt Hasselbeck,37,3.2,2.3,71,37,9.9,170.9,45.0,14,2.0,2.0,2,3,0.0,0.0,0.0,0.0,0.0,0.25,0.38,0.88,1.75
Matt Hasselbeck,IND,2015,8.0,156.0,256.0,60.9,1690.0,6.6,9.0,5.0,83.95,16.0,15.0,0.9,0.0,Matt Hasselbeck,2015,2.1,Matt Hasselbeck,40,3.5,2.0,87,57,10.8,211.3,45.1,16,1.0,2.0,5,3,0.0,0.0,0.0,0.0,0.0,0.62,0.38,1.12,2.0
Mike White,NYJ,2021,4.0,88.0,132.0,66.7,953.0,7.2,5.0,8.0,75.09,5.0,-1.0,-0.2,0.0,Mike White,2021,1.2,Mike White,26,3.8,6.1,49,28,10.8,238.3,50.5,4,1.0,1.0,1,2,0.0,0.0,0.0,0.0,0.0,0.25,0.5,1.25,1.0
Mike White,NYJ,2022,4.0,103.0,175.0,58.9,1192.0,6.8,3.0,4.0,75.7,6.0,9.0,1.5,1.0,Mike White,2022,1.2,Mike White,27,1.7,2.3,56,60,11.6,298.0,37.0,9,0.0,0.0,1,3,0.0,0.0,0.0,0.0,0.0,0.25,0.75,0.75,2.25
Brock Osweiler,DEN,2015,8.0,170.0,275.0,61.8,1967.0,7.2,10.0,6.0,86.43,21.0,61.0,2.9,1.0,Brock Osweiler,2016,11.6,Brock Osweiler,25,3.6,2.2,92,72,11.6,245.9,54.9,23,2.0,2.0,5,2,0.0,1.0,1.0,1.0,1.0,0.62,0.25,1.25,2.88
Brock Osweiler,HOU,2016,15.0,301.0,510.0,59.0,2957.0,5.8,15.0,16.0,72.16,30.0,131.0,4.4,2.0,Brock Osweiler,2016,0.5,Brock Osweiler,26,2.9,3.1,154,53,9.8,197.1,49.3,27,2.0,2.0,8,6,1.0,1.0,0.0,0.0,0.0,0.53,0.4,1.0,1.8
Brock Osweiler,DEN,2017,6.0,96.0,172.0,55.8,1088.0,6.3,5.0,5.0,72.53,13.0,66.0,5.1,1.0,Brock Osweiler,2017,0.5,Brock Osweiler,27,2.9,2.9,53,54,11.3,181.3,50.2,10,0.0,0.0,0,4,0.0,0.0,0.0,0.0,0.0,0.0,0.67,0.83,1.67
Brock Osweiler,MIA,2018,7.0,113.0,178.0,63.5,1247.0,7.0,6.0,4.0,86.05,8.0,21.0,2.6,0.0,Brock Osweiler,2018,0.5,Brock Osweiler,28,3.4,2.2,58,75,11.0,178.1,34.5,17,1.0,1.0,2,3,0.0,0.0,0.0,0.0,0.0,0.29,0.43,0.86,2.43
Aaron Rodgers,GB,2010,15.0,312.0,475.0,65.7,3922.0,8.3,28.0,11.0,101.22,64.0,356.0,5.6,4.0,Aaron Rodgers,2013,17.9,Aaron Rodgers,27,5.9,2.3,183,86,12.6,261.5,69.6,31,0.0,1.0,10,5,1.0,1.0,1.0,1.0,0.0,0.67,0.33,1.87,2.07
Aaron Rodgers,GB,2011,15.0,342.0,501.0,68.3,4637.0,9.3,45.0,6.0,122.48,60.0,257.0,4.3,3.0,Aaron Rodgers,2013,17.9,Aaron Rodgers,28,9.0,1.2,209,93,13.5,309.5,83.8,36,0.0,1.0,14,1,0.0,1.0,0.0,0.0,0.0,0.93,0.07,3.0,2.4
Aaron Rodgers,GB,2012,16.0,371.0,552.0,67.2,4295.0,7.8,39.0,8.0,108.02,54.0,259.0,4.8,2.0,Aaron Rodgers,2013,17.9,Aaron Rodgers,29,7.1,1.4,215,73,11.6,268.4,71.2,51,2.0,3.0,11,5,1.0,1.0,0.0,0.0,0.0,0.69,0.31,2.44,3.19
Aaron Rodgers,GB,2013,9.0,193.0,290.0,66.6,2536.0,8.7,17.0,6.0,104.9,30.0,120.0,4.0,0.0,Aaron Rodgers,2013,18.9,Aaron Rodgers,30,5.9,2.1,108,83,13.1,281.8,61.6,21,1.0,1.0,6,3,1.0,0.0,0.0,0.0,0.0,0.67,0.33,1.89,2.33
Aaron Rodgers,GB,2014,16.0,341.0,520.0,65.6,4381.0,8.4,38.0,5.0,112.19,43.0,269.0,6.3,2.0,Aaron Rodgers,2018,18.9,Aaron Rodgers,31,7.3,1.0,221,80,12.8,273.8,77.8,28,1.0,1.0,12,4,0.0,1.0,1.0,0.0,0.0,0.75,0.25,2.38,1.75
Aaron Rodgers,GB,2015,16.0,347.0,572.0,60.7,3821.0,6.7,31.0,8.0,92.71,58.0,344.0,5.9,1.0,Aaron Rodgers,2018,18.9,Aaron Rodgers,32,5.4,1.4,177,65,11.0,238.8,60.0,46,2.0,2.0,10,6,1.0,1.0,0.0,0.0,0.0,0.62,0.38,1.94,2.88
Aaron Rodgers,GB,2016,16.0,401.0,610.0,65.7,4428.0,7.3,40.0,7.0,104.19,67.0,369.0,5.5,4.0,Aaron Rodgers,2018,18.9,Aaron Rodgers,33,6.6,1.1,226,66,11.0,276.8,72.4,35,0.0,2.0,10,6,1.0,1.0,1.0,0.0,0.0,0.62,0.38,2.5,2.19
Aaron Rodgers,GB,2017,7.0,154.0,238.0,64.7,1675.0,7.0,16.0,6.0,97.23,24.0,126.0,5.2,0.0,Aaron Rodgers,2018,18.9,Aaron Rodgers,34,6.7,2.5,86,72,10.9,239.3,66.0,22,2.0,2.0,4,3,0.0,0.0,0.0,0.0,0.0,0.57,0.43,2.29,3.14
Aaron Rodgers,GB,2018,16.0,372.0,597.0,62.3,4442.0,7.4,25.0,2.0,97.57,43.0,269.0,6.3,2.0,Aaron Rodgers,2018,24.1,Aaron Rodgers,35,4.2,0.3,200,75,11.9,277.6,58.0,49,3.0,3.0,6,9,0.0,0.0,0.0,0.0,0.0,0.38,0.56,1.56,3.06
Aaron Rodgers,GB,2019,16.0,353.0,569.0,62.0,4002.0,7.0,26.0,4.0,95.39,46.0,183.0,4.0,1.0,Aaron Rodgers,2022,24.1,Aaron Rodgers,36,4.6,0.7,189,74,11.3,250.1,52.5,36,2.0,3.0,13,3,0.0,1.0,1.0,0.0,0.0,0.81,0.19,1.62,2.25
Aaron Rodgers,GB,2020,16.0,372.0,526.0,70.7,4299.0,8.2,48.0,5.0,121.53,38.0,149.0,3.9,3.0,Aaron Rodgers,2022,24.1,Aaron Rodgers,37,9.1,1.0,216,78,11.6,268.7,79.8,20,1.0,2.0,13,3,0.0,1.0,1.0,0.0,0.0,0.81,0.19,3.0,1.25
Aaron Rodgers,GB,2021,16.0,366.0,531.0,68.9,4115.0,7.7,37.0,4.0,111.9,33.0,101.0,3.1,3.0,Aaron Rodgers,2022,24.1,Aaron Rodgers,38,7.0,0.8,213,75,11.2,257.2,69.1,30,1.0,2.0,13,3,0.0,1.0,0.0,0.0,0.0,0.81,0.19,2.31,1.88
Aaron Rodgers,GB,2022,17.0,350.0,542.0,64.6,3695.0,6.8,26.0,12.0,91.07,34.0,94.0,2.8,1.0,Aaron Rodgers,2022,24.1,Aaron Rodgers,39,4.8,2.2,177,58,10.6,217.4,39.3,32,3.0,4.0,8,9,0.0,0.0,0.0,0.0,0.0,0.47,0.53,1.53,1.88
Jameis Winston,TB,2015,16.0,312.0,535.0,58.3,4042.0,7.6,22.0,15.0,84.19,54.0,213.0,3.9,6.0,Jameis Winston,2015,0.6,Jameis Winston,21,4.1,2.8,201,68,13.0,252.6,57.2,27,2.0,3.0,6,10,0.0,0.0,0.0,0.0,0.0,0.38,0.62,1.38,1.69
Jameis Winston,TB,2016,16.0,345.0,567.0,60.8,4090.0,7.2,28.0,18.0,86.08,52.0,168.0,3.2,1.0,Jameis Winston,2020,0.6,Jameis Winston,22,4.9,3.2,216,45,11.9,255.6,59.5,35,1.0,3.0,9,7,0.0,0.0,0.0,0.0,0.0,0.56,0.44,1.75,2.19
Jameis Winston,TB,2017,13.0,282.0,442.0,63.8,3504.0,7.9,19.0,11.0,92.24,33.0,135.0,4.1,1.0,Jameis Winston,2020,0.6,Jameis Winston,23,4.3,2.5,185,70,12.4,269.5,52.0,33,2.0,2.0,3,10,0.0,0.0,0.0,0.0,0.0,0.23,0.77,1.46,2.54
Jameis Winston,TB,2018,11.0,244.0,378.0,64.6,2992.0,7.9,19.0,14.0,90.18,49.0,281.0,5.7,1.0,Jameis Winston,2020,0.6,Jameis Winston,24,5.0,3.7,152,64,12.3,272.0,66.2,27,0.0,1.0,3,6,0.0,0.0,0.0,0.0,0.0,0.27,0.55,1.73,2.45
Jameis Winston,TB,2019,16.0,380.0,626.0,60.7,5109.0,8.2,33.0,30.0,84.28,59.0,250.0,4.2,1.0,Jameis Winston,2020,3.0,Jameis Winston,25,5.3,4.8,243,71,13.4,319.3,55.7,47,2.0,2.0,7,9,0.0,0.0,0.0,0.0,0.0,0.44,0.56,2.06,2.94
Jameis Winston,NO,2021,7.0,95.0,161.0,59.0,1170.0,7.3,14.0,3.0,102.76,32.0,166.0,5.2,1.0,Jameis Winston,2021,3.0,Jameis Winston,27,8.7,1.9,56,72,12.3,167.1,64.4,11,0.0,1.0,5,2,0.0,0.0,0.0,0.0,0.0,0.71,0.29,2.0,1.57
Taylor Heinicke,WAS,2021,16.0,321.0,494.0,65.0,3419.0,6.9,20.0,15.0,85.91,60.0,313.0,5.2,1.0,Taylor Heinicke,2021,3.1,Taylor Heinicke,28,4.0,3.0,167,73,10.7,213.7,39.9,38,3.0,4.0,7,8,0.0,0.0,0.0,0.0,0.0,0.44,0.5,1.25,2.38
Taylor Heinicke,WAS,2022,9.0,161.0,259.0,62.2,1859.0,7.2,12.0,6.0,89.58,28.0,96.0,3.4,1.0,Taylor Heinicke,2023,3.1,Taylor Heinicke,29,4.6,2.3,93,61,11.5,206.6,44.4,19,2.0,1.0,5,3,0.0,0.0,0.0,0.0,0.0,0.56,0.33,1.33,2.11
Josh Freeman,TB,2010,16.0,291.0,474.0,61.4,3451.0,7.3,25.0,6.0,95.89,68.0,364.0,5.4,0.0,Josh Freeman,2013,2.3,Josh Freeman,22,5.3,1.3,167,64,11.9,215.7,69.5,28,5.0,5.0,10,6,0.0,0.0,0.0,0.0,0.0,0.62,0.38,1.56,1.75
Josh Freeman,TB,2011,15.0,346.0,551.0,62.8,3592.0,6.5,16.0,22.0,74.62,55.0,238.0,4.3,4.0,Josh Freeman,2013,2.3,Josh Freeman,23,2.9,4.0,170,65,10.4,239.5,46.1,29,1.0,2.0,4,11,0.0,0.0,0.0,0.0,0.0,0.27,0.73,1.07,1.93
Josh Freeman,TB,2012,16.0,306.0,558.0,54.8,4065.0,7.3,27.0,17.0,81.57,39.0,139.0,3.6,0.0,Josh Freeman,2013,2.3,Josh Freeman,24,4.8,3.0,186,95,13.3,254.1,49.4,26,1.0,1.0,7,9,0.0,0.0,0.0,0.0,0.0,0.44,0.56,1.69,1.62
Josh Freeman,MIN,2013,4.0,63.0,147.0,42.9,761.0,5.2,2.0,4.0,52.57,5.0,20.0,4.0,0.0,Josh Freeman,2013,2.3,Josh Freeman,25,1.4,2.7,0,39,12.1,190.3,24.2,8,0.0,0.0,0,4,0.0,0.0,0.0,0.0,0.0,0.0,1.0,0.5,2.0
Ben Roethlisberger,PIT,2010,12.0,240.0,389.0,61.7,3200.0,8.2,17.0,5.0,96.98,33.0,176.0,5.3,2.0,Ben Roethlisberger,2015,15.2,Ben Roethlisberger,28,4.4,1.3,149,56,13.3,266.7,67.4,32,2.0,3.0,9,3,0.0,1.0,1.0,1.0,0.0,0.75,0.25,1.42,2.67
Ben Roethlisberger,PIT,2011,15.0,324.0,513.0,63.2,4077.0,7.9,21.0,14.0,90.1,31.0,70.0,2.3,0.0,Ben Roethlisberger,2015,15.2,Ben Roethlisberger,29,4.1,2.7,210,95,12.6,271.8,68.3,40,1.0,1.0,11,4,1.0,0.0,0.0,0.0,0.0,0.73,0.27,1.4,2.67
Ben Roethlisberger,PIT,2012,13.0,284.0,449.0,63.3,3265.0,7.3,26.0,8.0,96.97,26.0,92.0,3.5,0.0,Ben Roethlisberger,2015,15.2,Ben Roethlisberger,30,5.8,1.8,167,82,11.5,251.2,71.3,30,2.0,3.0,7,6,0.0,0.0,0.0,0.0,0.0,0.54,0.46,2.0,2.31
Ben Roethlisberger,PIT,2013,16.0,375.0,584.0,64.2,4261.0,7.3,28.0,14.0,91.99,26.0,99.0,3.8,1.0,Ben Roethlisberger,2015,15.2,Ben Roethlisberger,31,4.8,2.4,211,67,11.4,266.3,58.0,42,1.0,3.0,8,8,0.0,0.0,0.0,0.0,0.0,0.5,0.5,1.75,2.62
Ben Roethlisberger,PIT,2014,16.0,408.0,608.0,67.1,4952.0,8.1,32.0,9.0,103.32,32.0,27.0,0.8,0.0,Ben Roethlisberger,2015,15.2,Ben Roethlisberger,32,5.3,1.5,244,94,12.1,309.5,69.4,33,2.0,3.0,11,5,1.0,0.0,0.0,0.0,0.0,0.69,0.31,2.0,2.06
Ben Roethlisberger,PIT,2015,12.0,319.0,469.0,68.0,3938.0,8.4,21.0,16.0,94.46,15.0,29.0,1.9,0.0,Ben Roethlisberger,2015,18.1,Ben Roethlisberger,33,4.5,3.4,175,69,12.3,328.2,72.8,20,1.0,1.0,7,4,1.0,1.0,0.0,0.0,0.0,0.58,0.33,1.75,1.67
Ben Roethlisberger,PIT,2016,14.0,328.0,509.0,64.4,3819.0,7.5,29.0,13.0,95.4,16.0,14.0,0.9,1.0,Ben Roethlisberger,2019,18.1,Ben Roethlisberger,34,5.7,2.6,184,72,11.6,272.8,60.5,17,2.0,2.0,10,4,1.0,1.0,1.0,0.0,0.0,0.71,0.29,2.07,1.21
Ben Roethlisberger,PIT,2017,15.0,360.0,561.0,64.2,4251.0,7.6,28.0,14.0,93.37,28.0,47.0,1.7,0.0,Ben Roethlisberger,2019,18.1,Ben Roethlisberger,35,5.0,2.5,204,97,11.8,283.4,66.6,21,3.0,4.0,12,3,0.0,1.0,0.0,0.0,0.0,0.8,0.2,1.87,1.4
Ben Roethlisberger,PIT,2018,16.0,452.0,675.0,67.0,5129.0,7.6,34.0,16.0,96.46,31.0,98.0,3.2,3.0,Ben Roethlisberger,2019,7.7,Ben Roethlisberger,36,5.0,2.4,248,97,11.3,320.6,69.6,24,2.0,3.0,9,6,0.0,0.0,0.0,0.0,0.0,0.56,0.38,2.12,1.5
Ben Roethlisberger,PIT,2020,15.0,399.0,608.0,65.6,3803.0,6.3,33.0,10.0,94.07,25.0,11.0,0.4,0.0,Ben Roethlisberger,2021,7.7,Ben Roethlisberger,38,5.4,1.6,193,84,9.5,253.5,52.5,13,4.0,4.0,12,3,1.0,0.0,0.0,0.0,0.0,0.8,0.2,2.2,0.87
Ben Roethlisberger,PIT,2021,16.0,390.0,605.0,64.5,3740.0,6.2,22.0,10.0,86.79,20.0,5.0,0.2,1.0,Ben Roethlisberger,2021,7.7,Ben Roethlisberger,39,3.6,1.7,188,59,9.6,233.8,35.6,38,6.0,7.0,9,7,1.0,0.0,0.0,0.0,0.0,0.56,0.44,1.38,2.38
Chad Henne,MIA,2010,15.0,301.0,490.0,61.4,3301.0,6.7,15.0,18.0,76.24,35.0,52.0,1.5,0.0,Chad Henne,2012,2.8,Chad Henne,25,3.1,3.9,167,57,11.0,220.1,45.7,30,0.0,1.0,6,8,0.0,0.0,0.0,0.0,0.0,0.4,0.53,1.0,2.0
Chad Henne,JAX,2012,10.0,166.0,308.0,53.9,2084.0,6.8,11.0,11.0,72.21,19.0,64.0,3.4,1.0,Chad Henne,2012,3.0,Chad Henne,27,3.6,3.6,86,81,12.6,208.4,27.7,28,0.0,0.0,1,5,0.0,0.0,0.0,0.0,0.0,0.1,0.5,1.1,2.8
Chad Henne,JAX,2013,15.0,305.0,503.0,60.6,3241.0,6.4,13.0,14.0,76.48,27.0,77.0,2.9,0.0,Chad Henne,2014,3.0,Chad Henne,28,2.6,2.8,152,62,10.6,216.1,34.9,38,1.0,1.0,4,9,0.0,0.0,0.0,0.0,0.0,0.27,0.6,0.87,2.53
Rex Grossman,WAS,2010,4.0,74.0,133.0,55.6,884.0,6.6,7.0,4.0,81.16,3.0,6.0,2.0,0.0,Rex Grossman,2015,0.7,Rex Grossman,30,5.3,3.0,42,64,11.9,221.0,33.0,9,0.0,1.0,1,2,0.0,0.0,0.0,0.0,0.0,0.25,0.5,1.75,2.25
Rex Grossman,WAS,2011,13.0,265.0,458.0,57.9,3148.0,6.9,16.0,20.0,72.39,20.0,11.0,0.6,1.0,Rex Grossman,2015,0.7,Rex Grossman,31,3.5,4.4,161,51,11.9,242.4,41.5,25,2.0,2.0,5,8,0.0,0.0,0.0,0.0,0.0,0.38,0.62,1.23,1.92
Jacoby Brissett,IND,2017,16.0,276.0,469.0,58.8,3098.0,6.6,13.0,7.0,81.67,63.0,260.0,4.1,4.0,Jacoby Brissett,2019,14.9,Jacoby Brissett,25,2.8,1.5,146,80,11.2,193.6,43.3,52,0.0,1.0,4,11,0.0,0.0,0.0,0.0,0.0,0.25,0.69,0.81,3.25
Jacoby Brissett,IND,2019,15.0,272.0,447.0,60.9,2942.0,6.6,18.0,6.0,88.05,56.0,228.0,4.1,4.0,Jacoby Brissett,2019,2.7,Jacoby Brissett,27,4.0,1.3,143,50,10.8,196.1,52.1,27,2.0,2.0,7,8,0.0,0.0,0.0,0.0,0.0,0.47,0.53,1.2,1.8
Jacoby Brissett,MIA,2021,11.0,141.0,225.0,62.7,1283.0,5.7,5.0,4.0,78.06,19.0,70.0,3.7,1.0,Jacoby Brissett,2021,2.2,Jacoby Brissett,29,2.2,1.8,69,52,9.1,116.6,48.2,19,0.0,0.0,2,3,0.0,0.0,0.0,0.0,0.0,0.18,0.27,0.45,1.73
Jacoby Brissett,CLE,2022,16.0,236.0,369.0,64.0,2608.0,7.1,12.0,6.0,88.89,49.0,243.0,5.0,2.0,Jacoby Brissett,2022,2.2,Jacoby Brissett,30,3.3,1.6,129,55,11.1,163.0,60.0,24,2.0,2.0,4,7,0.0,0.0,0.0,0.0,0.0,0.25,0.44,0.75,1.5
Nick Foles,PHI,2012,7.0,161.0,265.0,60.8,1699.0,6.4,6.0,5.0,79.11,11.0,42.0,3.8,1.0,Nick Foles,2012,8.5,Nick Foles,23,2.3,1.9,78,46,10.6,242.7,51.2,20,1.0,1.0,1,5,0.0,0.0,0.0,0.0,0.0,0.14,0.71,0.86,2.86
Nick Foles,PHI,2013,13.0,203.0,317.0,64.0,2891.0,9.1,27.0,2.0,119.21,57.0,221.0,3.9,3.0,Nick Foles,2015,8.5,Nick Foles,24,8.5,0.6,130,63,14.2,222.4,69.5,28,1.0,1.0,8,2,1.0,0.0,0.0,0.0,0.0,0.62,0.15,2.08,2.15
Nick Foles,PHI,2014,8.0,187.0,312.0,59.9,2163.0,6.9,13.0,10.0,81.45,16.0,68.0,4.2,0.0,Nick Foles,2015,8.5,Nick Foles,25,4.2,3.2,101,68,11.6,270.4,63.6,9,2.0,3.0,6,2,0.0,0.0,0.0,0.0,0.0,0.75,0.25,1.62,1.12
Nick Foles,LAR,2015,11.0,190.0,337.0,56.4,2052.0,6.1,7.0,10.0,69.0,17.0,20.0,1.2,1.0,Nick Foles,2015,8.2,Nick Foles,26,2.1,3.0,85,68,10.8,186.5,28.9,14,1.0,1.0,4,7,0.0,0.0,0.0,0.0,0.0,0.36,0.64,0.64,1.27
Nick Foles,PHI,2018,5.0,141.0,195.0,72.3,1413.0,7.2,7.0,4.0,95.95,9.0,17.0,1.9,0.0,Nick Foles,2018,4.0,Nick Foles,29,3.6,2.1,59,83,10.0,282.6,65.4,9,2.0,2.0,4,1,1.0,1.0,0.0,0.0,0.0,0.8,0.2,1.4,1.8
Nick Foles,CHI,2020,9.0,202.0,312.0,64.7,1852.0,5.9,10.0,8.0,80.77,16.0,1.0,0.1,1.0,Nick Foles,2020,4.0,Nick Foles,31,3.2,2.6,93,50,9.2,205.8,36.0,18,2.0,2.0,2,5,1.0,0.0,0.0,0.0,0.0,0.22,0.56,1.11,2.0
Brandon Allen,CIN,2020,5.0,90.0,142.0,63.4,925.0,6.5,5.0,4.0,82.04,13.0,27.0,2.1,0.0,Brandon Allen,2020,0.1,Brandon Allen,28,3.5,2.8,42,72,10.3,185.0,37.5,7,1.0,1.0,1,4,0.0,0.0,0.0,0.0,0.0,0.2,0.8,1.0,1.4
Brandon Allen,CIN,2020,5.0,90.0,142.0,63.4,925.0,6.5,5.0,4.0,82.04,13.0,27.0,2.1,0.0,Brandon Allen,2020,0.1,Brandon Allen,28,3.5,2.8,42,72,10.3,185.0,37.5,7,1.0,1.0,1,4,0.0,0.0,0.0,0.0,0.0,0.2,0.8,1.0,1.4
Shaun Hill,DET,2010,11.0,257.0,416.0,61.8,2686.0,6.5,16.0,12.0,81.27,22.0,123.0,5.6,0.0,Shaun Hill,2012,1.3,Shaun Hill,30,3.8,2.9,120,75,10.5,244.2,53.2,17,1.0,0.0,3,7,0.0,0.0,0.0,0.0,0.0,0.27,0.64,1.45,1.55
Shaun Hill,LAR,2014,9.0,145.0,229.0,63.3,1657.0,7.2,8.0,7.0,83.91,10.0,10.0,1.0,1.0,Shaun Hill,2014,1.3,Shaun Hill,34,3.5,3.1,82,63,11.4,184.1,42.3,18,0.0,0.0,3,5,0.0,0.0,0.0,0.0,0.0,0.33,0.56,0.89,2.0
Carson Palmer,CIN,2010,16.0,362.0,586.0,61.8,3970.0,6.8,26.0,20.0,82.36,32.0,50.0,1.6,0.0,Carson Palmer,2011,8.9,Carson Palmer,31,4.4,3.4,206,78,11.0,248.1,55.1,26,1.0,1.0,4,12,0.0,0.0,0.0,0.0,0.0,0.25,0.75,1.62,1.62
Carson Palmer,LV,2011,10.0,199.0,328.0,60.7,2751.0,8.4,13.0,16.0,80.48,16.0,20.0,1.2,1.0,Carson Palmer,2011,6.9,Carson Palmer,32,4.0,4.9,123,78,13.8,275.3,53.5,17,0.0,1.0,4,5,0.0,0.0,0.0,0.0,0.0,0.4,0.5,1.3,1.7
Carson Palmer,LV,2012,15.0,345.0,565.0,61.1,4018.0,7.1,22.0,14.0,85.25,18.0,36.0,2.0,1.0,Carson Palmer,2013,6.9,Carson Palmer,33,3.9,2.5,188,64,11.6,267.9,46.6,26,2.0,2.0,4,11,0.0,0.0,0.0,0.0,0.0,0.27,0.73,1.47,1.73
Carson Palmer,ARI,2013,16.0,362.0,572.0,63.3,4274.0,7.5,24.0,22.0,83.92,27.0,3.0,0.1,0.0,Carson Palmer,2013,12.4,Carson Palmer,34,4.2,3.8,205,91,11.8,267.1,54.0,41,3.0,4.0,10,6,0.0,0.0,0.0,0.0,0.0,0.62,0.38,1.5,2.56
Carson Palmer,ARI,2014,6.0,141.0,224.0,62.9,1626.0,7.3,11.0,3.0,95.57,8.0,25.0,3.1,0.0,Carson Palmer,2014,13.5,Carson Palmer,35,4.9,1.3,82,80,11.5,271.0,56.8,9,2.0,2.0,6,0,1.0,0.0,0.0,0.0,0.0,1.0,0.0,1.83,1.5
Carson Palmer,ARI,2015,16.0,342.0,537.0,63.7,4671.0,8.7,35.0,11.0,104.59,25.0,24.0,1.0,1.0,Carson Palmer,2016,13.5,Carson Palmer,36,6.5,2.0,231,68,13.7,291.9,76.4,25,1.0,4.0,13,3,0.0,1.0,1.0,0.0,0.0,0.81,0.19,2.19,1.56
Carson Palmer,ARI,2016,15.0,364.0,597.0,61.0,4233.0,7.1,26.0,14.0,87.18,14.0,38.0,2.7,0.0,Carson Palmer,2016,13.5,Carson Palmer,37,4.4,2.3,220,80,11.6,282.2,52.9,40,1.0,3.0,6,8,0.0,0.0,0.0,0.0,0.0,0.4,0.53,1.73,2.67
Philip Rivers,LAC,2010,16.0,357.0,541.0,66.0,4710.0,8.7,30.0,13.0,101.82,29.0,52.0,1.8,0.0,Philip Rivers,2015,14.5,Philip Rivers,29,5.5,2.4,234,59,13.2,294.4,66.9,38,1.0,1.0,9,7,0.0,0.0,0.0,0.0,0.0,0.56,0.44,1.88,2.38
Philip Rivers,LAC,2011,16.0,366.0,582.0,62.9,4624.0,7.9,27.0,20.0,88.74,26.0,36.0,1.4,1.0,Philip Rivers,2015,14.5,Philip Rivers,30,4.6,3.4,234,58,12.6,289.0,64.9,30,1.0,1.0,8,8,0.0,0.0,0.0,0.0,0.0,0.5,0.5,1.69,1.88
Philip Rivers,LAC,2012,16.0,338.0,527.0,64.1,3606.0,6.8,26.0,15.0,88.63,27.0,40.0,1.5,0.0,Philip Rivers,2015,14.5,Philip Rivers,31,4.9,2.8,184,80,10.7,225.4,42.6,49,0.0,0.0,7,9,0.0,0.0,0.0,0.0,0.0,0.44,0.56,1.62,3.06
Philip Rivers,LAC,2013,16.0,378.0,544.0,69.5,4478.0,8.2,32.0,11.0,105.47,28.0,72.0,2.6,0.0,Philip Rivers,2015,14.5,Philip Rivers,32,5.9,2.0,233,60,11.8,279.9,75.1,30,4.0,4.0,9,7,1.0,1.0,0.0,0.0,0.0,0.56,0.44,2.0,1.88
Philip Rivers,LAC,2014,16.0,379.0,570.0,66.5,4286.0,7.5,31.0,18.0,93.79,38.0,104.0,2.7,0.0,Philip Rivers,2015,14.5,Philip Rivers,33,5.4,3.2,213,59,11.3,267.9,65.1,36,3.0,3.0,9,7,0.0,0.0,0.0,0.0,0.0,0.56,0.44,1.94,2.25
Philip Rivers,LAC,2015,16.0,437.0,661.0,66.1,4792.0,7.2,29.0,13.0,93.81,17.0,28.0,1.6,0.0,Philip Rivers,2015,12.6,Philip Rivers,34,4.4,2.0,227,80,11.0,299.5,57.3,40,1.0,2.0,4,12,0.0,0.0,0.0,0.0,0.0,0.25,0.75,1.81,2.5
Philip Rivers,LAC,2016,16.0,349.0,578.0,60.4,4386.0,7.6,33.0,21.0,87.91,14.0,35.0,2.5,0.0,Philip Rivers,2020,12.6,Philip Rivers,35,5.7,3.6,215,59,12.6,274.1,58.7,36,1.0,1.0,5,11,0.0,0.0,0.0,0.0,0.0,0.31,0.69,2.06,2.25
Philip Rivers,LAC,2017,16.0,360.0,575.0,62.6,4515.0,7.9,28.0,10.0,95.96,18.0,-2.0,-0.1,0.0,Philip Rivers,2020,12.6,Philip Rivers,36,4.9,1.7,217,75,12.5,282.2,61.1,18,2.0,2.0,9,7,0.0,0.0,0.0,0.0,0.0,0.56,0.44,1.75,1.12
Philip Rivers,LAC,2018,16.0,347.0,508.0,68.3,4308.0,8.5,32.0,12.0,105.5,18.0,7.0,0.4,0.0,Philip Rivers,2020,12.6,Philip Rivers,37,6.3,2.4,211,75,12.4,269.3,67.8,32,3.0,3.0,12,4,1.0,1.0,0.0,0.0,0.0,0.75,0.25,2.0,2.0
Philip Rivers,LAC,2019,16.0,390.0,591.0,66.0,4615.0,7.8,23.0,20.0,88.48,12.0,29.0,2.4,0.0,Philip Rivers,2020,12.6,Philip Rivers,38,3.9,3.4,217,84,11.8,288.4,50.5,34,1.0,2.0,5,11,0.0,0.0,0.0,0.0,0.0,0.31,0.69,1.44,2.12
Philip Rivers,IND,2020,16.0,369.0,543.0,68.0,4169.0,7.7,24.0,11.0,97.0,18.0,-8.0,-0.4,0.0,Philip Rivers,2020,12.6,Philip Rivers,39,4.4,2.0,200,55,11.3,260.6,55.0,19,2.0,3.0,11,5,1.0,0.0,0.0,0.0,0.0,0.69,0.31,1.5,1.19
Jared Goff,LAR,2016,7.0,112.0,205.0,54.6,1089.0,5.3,5.0,7.0,63.65,8.0,16.0,2.0,1.0,Jared Goff,2016,17.8,Jared Goff,22,2.4,3.4,48,66,9.7,155.6,18.3,26,0.0,0.0,0,7,0.0,0.0,0.0,0.0,0.0,0.0,1.0,0.71,3.71
Jared Goff,LAR,2017,15.0,296.0,477.0,62.1,3804.0,8.0,28.0,7.0,100.48,28.0,51.0,1.8,1.0,Jared Goff,2019,17.8,Jared Goff,23,5.9,1.5,177,94,12.9,253.6,55.7,25,1.0,1.0,11,4,1.0,0.0,0.0,0.0,0.0,0.73,0.27,1.87,1.67
Jared Goff,LAR,2018,16.0,364.0,561.0,64.9,4688.0,8.4,32.0,12.0,101.07,43.0,108.0,2.5,2.0,Jared Goff,2019,17.8,Jared Goff,24,5.7,2.1,233,70,12.9,293.0,63.6,33,4.0,4.0,13,3,0.0,1.0,1.0,1.0,0.0,0.81,0.19,2.0,2.06
Jared Goff,LAR,2019,16.0,394.0,626.0,62.9,4638.0,7.4,22.0,16.0,86.47,33.0,40.0,1.2,2.0,Jared Goff,2019,17.8,Jared Goff,25,3.5,2.6,220,66,11.8,289.9,50.6,22,1.0,2.0,9,7,0.0,0.0,0.0,0.0,0.0,0.56,0.44,1.38,1.38
Tony Romo,DAL,2010,6.0,148.0,213.0,69.5,1605.0,7.5,11.0,7.0,94.9,6.0,38.0,6.3,0.0,Tony Romo,2013,14.6,Tony Romo,30,5.2,3.3,73,69,10.8,267.5,66.4,7,0.0,0.0,1,5,0.0,0.0,0.0,0.0,0.0,0.17,0.83,1.83,1.17
Tony Romo,DAL,2011,16.0,346.0,522.0,66.3,4184.0,8.0,31.0,10.0,102.53,22.0,46.0,2.1,1.0,Tony Romo,2013,14.6,Tony Romo,31,5.9,1.9,203,77,12.1,261.5,69.0,36,4.0,4.0,8,8,0.0,0.0,0.0,0.0,0.0,0.5,0.5,1.94,2.25
Tony Romo,DAL,2012,16.0,425.0,648.0,65.6,4903.0,7.6,28.0,19.0,90.45,30.0,49.0,1.6,1.0,Tony Romo,2013,14.6,Tony Romo,32,4.3,2.9,232,85,11.5,306.4,65.4,36,5.0,5.0,8,8,0.0,0.0,0.0,0.0,0.0,0.5,0.5,1.75,2.25
Tony Romo,DAL,2013,15.0,342.0,535.0,63.9,3828.0,7.2,31.0,10.0,96.69,20.0,38.0,1.9,0.0,Tony Romo,2013,14.6,Tony Romo,33,5.8,1.9,198,82,11.2,255.2,61.9,35,2.0,4.0,8,7,0.0,0.0,0.0,0.0,0.0,0.53,0.47,2.07,2.33
Trevor Siemian,DEN,2016,14.0,289.0,486.0,59.5,3401.0,7.0,18.0,10.0,84.57,28.0,57.0,2.0,0.0,Trevor Siemian,2019,1.1,Trevor Siemian,25,3.7,2.1,155,76,11.8,242.9,49.7,31,3.0,2.0,8,6,0.0,0.0,0.0,0.0,0.0,0.57,0.43,1.29,2.21
Trevor Siemian,DEN,2017,11.0,206.0,349.0,59.0,2285.0,6.5,12.0,14.0,73.3,31.0,127.0,4.1,1.0,Trevor Siemian,2019,0.5,Trevor Siemian,26,3.4,4.0,112,44,11.1,207.7,30.9,33,0.0,0.0,5,5,0.0,0.0,0.0,0.0,0.0,0.45,0.45,1.09,3.0
Trevor Siemian,NO,2021,6.0,108.0,188.0,57.4,1154.0,6.1,11.0,3.0,88.39,9.0,20.0,2.2,1.0,Trevor Siemian,2021,0.5,Trevor Siemian,30,5.9,1.6,61,46,10.7,192.3,35.5,9,1.0,1.0,0,4,0.0,0.0,0.0,0.0,0.0,0.0,0.67,1.83,1.5
Sam Bradford,LAR,2010,16.0,354.0,590.0,60.0,3512.0,6.0,18.0,15.0,76.46,27.0,63.0,2.3,1.0,Sam Bradford,2016,11.3,Sam Bradford,23,3.1,2.5,179,49,9.9,219.5,46.9,34,0.0,0.0,7,9,0.0,0.0,0.0,0.0,0.0,0.44,0.56,1.12,2.12
Sam Bradford,LAR,2011,10.0,190.0,356.0,53.4,2157.0,6.1,6.0,6.0,70.4,18.0,26.0,1.4,0.0,Sam Bradford,2016,11.3,Sam Bradford,24,1.7,1.7,104,68,11.3,216.4,31.4,36,1.0,1.0,1,9,0.0,0.0,0.0,0.0,0.0,0.1,0.9,0.6,3.6
Sam Bradford,LAR,2012,16.0,328.0,551.0,59.5,3702.0,6.7,21.0,13.0,82.56,37.0,127.0,3.4,1.0,Sam Bradford,2016,11.3,Sam Bradford,25,3.8,2.4,185,80,11.3,231.4,51.6,35,4.0,3.0,7,8,0.0,0.0,0.0,0.0,0.0,0.44,0.5,1.31,2.19
Sam Bradford,LAR,2013,7.0,159.0,262.0,60.7,1687.0,6.4,14.0,4.0,90.94,15.0,31.0,2.1,0.0,Sam Bradford,2016,11.3,Sam Bradford,26,5.3,1.5,86,73,10.6,241.0,56.9,15,1.0,1.0,3,4,0.0,0.0,0.0,0.0,0.0,0.43,0.57,2.0,2.14
Sam Bradford,PHI,2015,14.0,346.0,532.0,65.0,3725.0,7.0,19.0,14.0,86.4,26.0,39.0,1.5,0.0,Sam Bradford,2016,11.3,Sam Bradford,28,3.6,2.6,170,78,10.8,266.1,39.2,28,0.0,2.0,7,7,0.0,0.0,0.0,0.0,0.0,0.5,0.5,1.36,2.0
Sam Bradford,MIN,2016,15.0,395.0,552.0,71.6,3877.0,7.0,20.0,5.0,99.28,20.0,53.0,2.6,0.0,Sam Bradford,2016,11.3,Sam Bradford,29,3.6,0.9,199,71,9.8,258.5,53.1,37,1.0,1.0,7,8,0.0,0.0,0.0,0.0,0.0,0.47,0.53,1.33,2.47
Brian Hoyer,CLE,2014,14.0,243.0,439.0,55.4,3335.0,7.6,12.0,13.0,76.64,25.0,32.0,1.3,0.0,Brian Hoyer,2015,3.7,Brian Hoyer,29,2.7,3.0,163,81,13.7,237.6,38.7,24,4.0,4.0,7,6,0.0,0.0,0.0,0.0,0.0,0.5,0.43,0.86,1.71
Brian Hoyer,HOU,2015,11.0,224.0,369.0,60.7,2606.0,7.1,19.0,7.0,91.36,15.0,44.0,2.9,0.0,Brian Hoyer,2015,1.3,Brian Hoyer,30,5.1,1.9,130,49,11.6,236.9,52.8,25,1.0,1.0,5,4,1.0,0.0,0.0,0.0,0.0,0.45,0.36,1.73,2.27
Brian Hoyer,CHI,2016,6.0,134.0,200.0,67.0,1445.0,7.2,6.0,0.0,98.02,7.0,-2.0,-0.3,0.0,Brian Hoyer,2016,3.6,Brian Hoyer,31,3.0,0.0,75,64,10.8,240.8,55.1,4,0.0,0.0,1,4,0.0,0.0,0.0,0.0,0.0,0.17,0.67,1.0,0.67
Brian Hoyer,NE,2017,11.0,123.0,211.0,58.3,1287.0,6.1,4.0,4.0,74.5,9.0,4.0,0.4,1.0,Brian Hoyer,2017,1.0,Brian Hoyer,32,1.9,1.9,0,59,10.5,117.0,35.5,16,0.0,0.0,0,6,0.0,1.0,1.0,1.0,0.0,0.0,0.55,0.36,1.45
Brian Hoyer,NE,2017,11.0,123.0,211.0,58.3,1287.0,6.1,4.0,4.0,74.5,9.0,4.0,0.4,1.0,Brian Hoyer,2017,1.0,Brian Hoyer,32,1.9,1.9,0,59,10.5,117.0,35.5,16,0.0,0.0,0,6,0.0,1.0,1.0,1.0,0.0,0.0,0.55,0.36,1.45
Sam Darnold,NYJ,2018,13.0,239.0,414.0,57.7,2865.0,6.9,17.0,15.0,77.62,44.0,138.0,3.1,1.0,Sam Darnold,2018,2.0,Sam Darnold,21,4.1,3.6,130,76,12.0,220.4,45.9,30,1.0,1.0,4,9,0.0,0.0,0.0,0.0,0.0,0.31,0.69,1.31,2.31
Sam Darnold,NYJ,2019,13.0,273.0,441.0,61.9,3024.0,6.9,19.0,13.0,84.32,33.0,62.0,1.9,2.0,Sam Darnold,2023,2.0,Sam Darnold,22,4.3,2.9,147,92,11.1,232.6,45.6,33,2.0,3.0,7,6,0.0,0.0,0.0,0.0,0.0,0.54,0.46,1.46,2.54
Sam Darnold,NYJ,2020,12.0,217.0,364.0,59.6,2208.0,6.1,9.0,11.0,72.69,37.0,217.0,5.9,2.0,Sam Darnold,2023,2.0,Sam Darnold,23,2.5,3.0,109,69,10.2,184.0,32.9,35,0.0,0.0,2,10,0.0,0.0,0.0,0.0,0.0,0.17,0.83,0.75,2.92
Sam Darnold,CAR,2021,12.0,243.0,406.0,59.9,2527.0,6.2,9.0,13.0,71.94,48.0,222.0,4.6,5.0,Sam Darnold,2023,2.0,Sam Darnold,24,2.2,3.2,123,63,10.4,210.6,33.2,35,0.0,0.0,4,7,0.0,0.0,0.0,0.0,0.0,0.33,0.58,0.75,2.92
Sam Darnold,CAR,2022,6.0,82.0,140.0,58.6,1143.0,8.2,7.0,3.0,92.65,26.0,106.0,4.1,2.0,Sam Darnold,2023,2.0,Sam Darnold,25,5.0,2.1,57,52,13.9,190.5,48.5,10,0.0,1.0,4,2,0.0,0.0,0.0,0.0,0.0,0.67,0.33,1.17,1.67
Carson Wentz,PHI,2016,16.0,379.0,607.0,62.4,3782.0,6.2,16.0,14.0,79.25,46.0,150.0,3.3,2.0,Carson Wentz,2016,17.0,Carson Wentz,24,2.6,2.3,192,73,10.0,236.4,46.7,33,1.0,1.0,7,9,0.0,0.0,0.0,0.0,0.0,0.44,0.56,1.0,2.06
Carson Wentz,PHI,2017,13.0,265.0,440.0,60.2,3296.0,7.5,33.0,7.0,101.86,64.0,299.0,4.7,0.0,Carson Wentz,2019,17.0,Carson Wentz,25,7.5,1.6,161,72,12.4,253.5,78.5,28,1.0,1.0,11,2,0.0,1.0,1.0,1.0,1.0,0.85,0.15,2.54,2.15
Carson Wentz,PHI,2018,11.0,279.0,401.0,69.6,3074.0,7.7,21.0,7.0,102.19,34.0,93.0,2.7,0.0,Carson Wentz,2019,17.0,Carson Wentz,26,5.2,1.7,159,58,11.0,279.5,62.0,31,2.0,2.0,5,6,1.0,1.0,0.0,0.0,0.0,0.45,0.55,1.91,2.82
Carson Wentz,PHI,2019,16.0,388.0,607.0,63.9,4039.0,6.7,27.0,7.0,93.1,62.0,243.0,3.9,1.0,Carson Wentz,2019,17.0,Carson Wentz,27,4.4,1.2,213,53,10.4,252.4,62.8,37,2.0,4.0,9,7,1.0,0.0,0.0,0.0,0.0,0.56,0.44,1.69,2.31
Deshaun Watson,HOU,2017,7.0,126.0,204.0,61.8,1699.0,8.3,19.0,8.0,102.96,36.0,269.0,7.5,2.0,Deshaun Watson,2017,19.7,Deshaun Watson,22,9.3,3.9,85,72,13.5,242.7,83.5,19,0.0,0.0,3,3,0.0,0.0,0.0,0.0,0.0,0.43,0.43,2.71,2.71
Deshaun Watson,HOU,2018,16.0,345.0,505.0,68.3,4165.0,8.2,26.0,9.0,103.11,99.0,551.0,5.6,5.0,Deshaun Watson,2020,19.7,Deshaun Watson,23,5.1,1.8,202,73,12.1,260.3,61.8,62,5.0,5.0,11,5,1.0,0.0,0.0,0.0,0.0,0.69,0.31,1.62,3.88
Deshaun Watson,HOU,2019,15.0,333.0,495.0,67.3,3852.0,7.8,26.0,12.0,97.98,82.0,413.0,5.0,7.0,Deshaun Watson,2020,19.7,Deshaun Watson,24,5.3,2.4,191,54,11.6,256.8,70.5,44,3.0,5.0,10,5,1.0,1.0,0.0,0.0,0.0,0.67,0.33,1.73,2.93
Deshaun Watson,HOU,2020,16.0,382.0,544.0,70.2,4823.0,8.9,33.0,7.0,112.4,90.0,444.0,4.9,3.0,Deshaun Watson,2020,22.1,Deshaun Watson,25,6.1,1.3,221,77,12.6,301.4,63.7,49,0.0,0.0,4,12,0.0,0.0,0.0,0.0,0.0,0.25,0.75,2.06,3.06
Deshaun Watson,CLE,2022,6.0,99.0,170.0,58.2,1102.0,6.5,7.0,5.0,79.09,36.0,175.0,4.9,1.0,Deshaun Watson,2022,22.1,Deshaun Watson,27,4.1,2.9,53,46,11.1,183.7,38.3,20,0.0,0.0,3,3,0.0,0.0,0.0,0.0,0.0,0.5,0.5,1.17,3.33
Baker Mayfield,CLE,2018,14.0,310.0,486.0,63.8,3725.0,7.7,27.0,14.0,93.69,39.0,131.0,3.4,0.0,Baker Mayfield,2018,7.4,Baker Mayfield,23,5.6,2.9,171,71,12.0,266.1,51.2,25,3.0,4.0,6,7,0.0,0.0,0.0,0.0,0.0,0.43,0.5,1.93,1.79
Baker Mayfield,CLE,2019,16.0,317.0,534.0,59.4,3827.0,7.2,22.0,21.0,78.76,28.0,141.0,5.0,3.0,Baker Mayfield,2022,7.4,Baker Mayfield,24,4.1,3.9,179,89,12.1,239.2,54.4,40,1.0,1.0,6,10,0.0,0.0,0.0,0.0,0.0,0.38,0.62,1.38,2.5
Baker Mayfield,CLE,2020,16.0,305.0,486.0,62.8,3563.0,7.3,26.0,8.0,95.9,54.0,165.0,3.1,1.0,Baker Mayfield,2022,7.4,Baker Mayfield,25,5.3,1.6,188,75,11.7,222.7,65.5,26,2.0,2.0,11,5,1.0,1.0,0.0,0.0,0.0,0.69,0.31,1.62,1.62
Baker Mayfield,CLE,2021,14.0,253.0,418.0,60.5,3010.0,7.2,17.0,13.0,83.12,37.0,134.0,3.6,1.0,Baker Mayfield,2022,7.4,Baker Mayfield,26,4.1,3.1,143,71,11.9,215.0,35.1,43,0.0,0.0,6,8,0.0,0.0,0.0,0.0,0.0,0.43,0.57,1.21,3.07
Baker Mayfield,LAR,2022,12.0,201.0,335.0,60.0,2163.0,6.5,10.0,8.0,78.99,31.0,89.0,2.9,1.0,Baker Mayfield,2022,7.4,Baker Mayfield,27,3.0,2.4,94,75,10.8,180.3,24.5,36,1.0,1.0,2,8,0.0,0.0,0.0,0.0,0.0,0.17,0.67,0.83,3.0
Matt Cassel,KC,2010,15.0,262.0,450.0,58.2,3116.0,6.9,27.0,7.0,92.97,33.0,125.0,3.8,0.0,Matt Cassel,2013,3.0,Matt Cassel,28,6.0,1.6,164,75,11.9,207.7,55.8,26,1.0,2.0,10,5,1.0,0.0,0.0,0.0,0.0,0.67,0.33,1.8,1.73
Matt Cassel,KC,2011,9.0,160.0,269.0,59.5,1713.0,6.4,10.0,9.0,76.63,25.0,99.0,4.0,0.0,Matt Cassel,2013,3.0,Matt Cassel,29,3.7,3.3,84,52,10.7,190.3,48.4,22,1.0,2.0,4,5,0.0,0.0,0.0,0.0,0.0,0.44,0.56,1.11,2.44
Matt Cassel,KC,2012,9.0,161.0,277.0,58.1,1796.0,6.5,6.0,12.0,66.7,27.0,145.0,5.4,1.0,Matt Cassel,2013,3.0,Matt Cassel,30,2.2,4.3,97,46,11.2,199.6,26.3,19,1.0,1.0,1,7,0.0,0.0,0.0,0.0,0.0,0.11,0.78,0.67,2.11
Matt Cassel,MIN,2013,9.0,153.0,254.0,60.2,1807.0,7.1,11.0,9.0,81.59,18.0,57.0,3.2,1.0,Matt Cassel,2013,1.4,Matt Cassel,31,4.3,3.5,83,79,11.8,200.8,52.3,16,2.0,2.0,3,3,0.0,0.0,0.0,0.0,0.0,0.33,0.33,1.22,1.78
Matt Cassel,DAL,2015,10.0,119.0,204.0,58.3,1276.0,6.3,5.0,7.0,70.63,15.0,78.0,5.2,0.0,Matt Cassel,2015,1.4,Matt Cassel,33,2.5,3.4,0,51,10.7,141.8,34.1,14,1.0,1.0,2,6,0.0,0.0,0.0,0.0,0.0,0.2,0.6,0.5,1.4
Matt Cassel,DAL,2015,10.0,119.0,204.0,58.3,1276.0,6.3,5.0,7.0,70.63,15.0,78.0,5.2,0.0,Matt Cassel,2015,1.4,Matt Cassel,33,2.5,3.4,0,51,10.7,141.8,34.1,14,1.0,1.0,2,6,0.0,0.0,0.0,0.0,0.0,0.2,0.6,0.5,1.4
Joe Flacco,BAL,2010,16.0,306.0,489.0,62.6,3622.0,7.4,25.0,10.0,93.61,43.0,84.0,2.0,1.0,Joe Flacco,2013,16.3,Joe Flacco,25,5.1,2.0,174,67,11.8,226.4,59.1,40,2.0,4.0,12,4,1.0,1.0,0.0,0.0,0.0,0.75,0.25,1.56,2.5
Joe Flacco,BAL,2011,16.0,312.0,542.0,57.6,3610.0,6.7,20.0,12.0,80.88,40.0,90.0,2.2,1.0,Joe Flacco,2013,16.3,Joe Flacco,26,3.7,2.2,180,74,11.6,225.6,63.7,31,2.0,3.0,12,4,0.0,1.0,1.0,0.0,0.0,0.75,0.25,1.25,1.94
Joe Flacco,BAL,2012,16.0,317.0,531.0,59.7,3817.0,7.2,22.0,10.0,87.75,32.0,22.0,0.7,3.0,Joe Flacco,2013,16.3,Joe Flacco,27,4.1,1.9,178,61,12.0,238.6,51.1,35,3.0,3.0,10,6,1.0,1.0,1.0,1.0,1.0,0.62,0.38,1.38,2.19
Joe Flacco,BAL,2013,16.0,362.0,614.0,59.0,3912.0,6.4,19.0,22.0,73.15,27.0,131.0,4.9,1.0,Joe Flacco,2013,14.3,Joe Flacco,28,3.1,3.6,191,74,10.8,244.5,48.0,48,2.0,4.0,8,8,0.0,0.0,0.0,0.0,0.0,0.5,0.5,1.19,3.0
Joe Flacco,BAL,2014,16.0,344.0,555.0,62.0,3986.0,7.2,27.0,12.0,90.87,39.0,70.0,1.8,2.0,Joe Flacco,2016,14.3,Joe Flacco,29,4.9,2.2,194,80,11.6,249.1,68.6,19,2.0,2.0,10,6,1.0,1.0,0.0,0.0,0.0,0.62,0.38,1.69,1.19
Joe Flacco,BAL,2015,10.0,266.0,413.0,64.4,2791.0,6.8,14.0,12.0,83.11,13.0,23.0,1.8,3.0,Joe Flacco,2016,14.3,Joe Flacco,30,3.4,2.9,125,50,10.5,279.1,50.8,16,3.0,3.0,3,7,0.0,0.0,0.0,0.0,0.0,0.3,0.7,1.4,1.6
Joe Flacco,BAL,2016,16.0,436.0,672.0,64.9,4317.0,6.4,20.0,15.0,83.54,21.0,58.0,2.8,2.0,Joe Flacco,2016,0.8,Joe Flacco,31,3.0,2.2,204,95,9.9,269.8,52.5,33,2.0,2.0,8,8,0.0,0.0,0.0,0.0,0.0,0.5,0.5,1.25,2.06
Joe Flacco,BAL,2017,16.0,352.0,549.0,64.1,3141.0,5.7,18.0,13.0,80.42,25.0,54.0,2.2,1.0,Joe Flacco,2020,0.8,Joe Flacco,32,3.3,2.4,163,66,8.9,196.3,46.7,27,0.0,0.0,9,7,0.0,0.0,0.0,0.0,0.0,0.56,0.44,1.12,1.69
Joe Flacco,BAL,2018,9.0,232.0,379.0,61.2,2465.0,6.5,12.0,6.0,84.15,19.0,45.0,2.4,0.0,Joe Flacco,2020,0.8,Joe Flacco,33,3.2,1.6,119,71,10.6,273.9,54.8,16,0.0,0.0,4,5,1.0,0.0,0.0,0.0,0.0,0.44,0.56,1.33,1.78
Joe Flacco,DEN,2019,8.0,171.0,262.0,65.3,1822.0,7.0,6.0,5.0,85.13,12.0,20.0,1.7,0.0,Joe Flacco,2020,0.8,Joe Flacco,34,2.3,1.9,86,70,10.7,227.8,50.8,26,0.0,0.0,2,6,0.0,0.0,0.0,0.0,0.0,0.25,0.75,0.75,3.25
Joe Flacco,NYJ,2020,5.0,74.0,134.0,55.2,864.0,6.4,6.0,3.0,80.57,6.0,22.0,3.7,0.0,Joe Flacco,2020,1.7,Joe Flacco,35,4.5,2.2,36,52,11.7,172.8,50.3,7,0.0,0.0,0,4,0.0,0.0,0.0,0.0,0.0,0.0,0.8,1.2,1.4
Joe Flacco,NYJ,2022,5.0,110.0,191.0,57.6,1051.0,5.5,5.0,3.0,75.19,3.0,6.0,2.0,0.0,Joe Flacco,2022,1.7,Joe Flacco,37,2.6,1.6,55,66,9.6,210.2,34.1,10,1.0,1.0,1,3,0.0,0.0,0.0,0.0,0.0,0.2,0.6,1.0,2.0
Eli Manning,NYG,2010,16.0,339.0,539.0,62.9,4002.0,7.4,31.0,25.0,85.28,32.0,70.0,2.2,0.0,Eli Manning,2015,14.7,Eli Manning,29,5.8,4.6,169,92,11.8,250.1,57.7,16,1.0,1.0,10,6,0.0,0.0,0.0,0.0,0.0,0.62,0.38,1.94,1.0
Eli Manning,NYG,2011,16.0,358.0,588.0,60.9,4910.0,8.4,29.0,16.0,92.72,35.0,15.0,0.4,1.0,Eli Manning,2015,14.7,Eli Manning,30,4.9,2.7,218,99,13.7,308.3,64.2,28,5.0,6.0,9,7,1.0,1.0,1.0,1.0,1.0,0.56,0.44,1.81,1.75
Eli Manning,NYG,2012,16.0,321.0,536.0,59.9,3948.0,7.4,26.0,15.0,87.19,20.0,30.0,1.5,0.0,Eli Manning,2015,14.7,Eli Manning,31,4.9,2.8,187,80,12.3,246.8,67.0,19,3.0,3.0,9,7,0.0,0.0,0.0,0.0,0.0,0.56,0.44,1.62,1.19
Eli Manning,NYG,2013,16.0,317.0,551.0,57.5,3818.0,6.9,18.0,27.0,69.37,18.0,36.0,2.0,0.0,Eli Manning,2015,14.7,Eli Manning,32,3.3,4.9,174,70,12.0,238.6,38.6,39,1.0,2.0,7,9,0.0,0.0,0.0,0.0,0.0,0.44,0.56,1.12,2.44
Eli Manning,NYG,2014,16.0,379.0,601.0,63.1,4410.0,7.3,30.0,14.0,92.14,12.0,31.0,2.6,1.0,Eli Manning,2015,14.7,Eli Manning,33,5.0,2.3,219,80,11.6,275.6,61.0,28,1.0,1.0,6,10,0.0,0.0,0.0,0.0,0.0,0.38,0.62,1.88,1.75
Eli Manning,NYG,2015,16.0,387.0,618.0,62.6,4432.0,7.2,35.0,14.0,93.59,21.0,70.0,3.3,0.0,Eli Manning,2015,14.7,Eli Manning,34,5.7,2.3,206,87,11.5,277.0,57.9,27,1.0,2.0,6,10,0.0,0.0,0.0,0.0,0.0,0.38,0.62,2.19,1.69
Peyton Manning,IND,2010,16.0,450.0,680.0,66.2,4700.0,6.9,33.0,17.0,91.79,18.0,18.0,1.0,0.0,Peyton Manning,2011,15.9,Peyton Manning,34,4.9,2.5,253,73,10.4,293.8,71.6,16,0.0,2.0,10,6,1.0,0.0,0.0,0.0,0.0,0.62,0.38,2.06,1.0
Peyton Manning,DEN,2012,16.0,400.0,583.0,68.6,4659.0,8.0,37.0,11.0,105.85,23.0,6.0,0.3,0.0,Peyton Manning,2012,11.9,Peyton Manning,36,6.3,1.9,231,71,11.6,291.2,79.6,21,3.0,3.0,13,3,0.0,1.0,0.0,0.0,0.0,0.81,0.19,2.31,1.31
Peyton Manning,DEN,2013,16.0,450.0,659.0,68.3,5477.0,8.3,55.0,10.0,115.11,32.0,-31.0,-1.0,1.0,Peyton Manning,2015,11.9,Peyton Manning,37,8.3,1.5,291,78,12.2,342.3,79.0,18,2.0,2.0,13,3,0.0,1.0,1.0,1.0,0.0,0.81,0.19,3.44,1.12
Peyton Manning,DEN,2014,16.0,395.0,597.0,66.2,4727.0,7.9,39.0,15.0,101.52,24.0,-24.0,-1.0,0.0,Peyton Manning,2015,11.9,Peyton Manning,38,6.5,2.5,227,86,12.0,295.4,72.6,17,1.0,1.0,12,4,0.0,1.0,0.0,0.0,0.0,0.75,0.25,2.44,1.06
Peyton Manning,DEN,2015,10.0,198.0,331.0,59.8,2249.0,6.8,9.0,17.0,67.91,6.0,-6.0,-1.0,0.0,Peyton Manning,2015,11.9,Peyton Manning,39,2.7,5.1,110,75,11.4,224.9,44.2,16,3.0,3.0,7,2,0.0,1.0,1.0,1.0,1.0,0.7,0.2,0.9,1.6
Marcus Mariota,TEN,2015,12.0,230.0,370.0,62.2,2818.0,7.6,19.0,10.0,91.48,34.0,252.0,7.4,2.0,Marcus Mariota,2015,4.4,Marcus Mariota,22,5.1,2.7,142,61,12.3,234.8,48.4,38,2.0,2.0,3,9,0.0,0.0,0.0,0.0,0.0,0.25,0.75,1.58,3.17
Marcus Mariota,TEN,2016,15.0,276.0,451.0,61.2,3426.0,7.6,26.0,9.0,95.63,60.0,349.0,5.8,2.0,Marcus Mariota,2020,4.4,Marcus Mariota,23,5.8,2.0,157,60,12.4,228.4,59.1,23,2.0,2.0,8,7,0.0,0.0,0.0,0.0,0.0,0.53,0.47,1.73,1.53
Marcus Mariota,TEN,2017,15.0,281.0,453.0,62.0,3232.0,7.1,13.0,15.0,79.27,60.0,312.0,5.2,5.0,Marcus Mariota,2020,4.4,Marcus Mariota,24,2.9,3.3,149,75,11.5,215.5,58.6,27,3.0,4.0,9,6,1.0,1.0,0.0,0.0,0.0,0.6,0.4,0.87,1.8
Marcus Mariota,TEN,2018,14.0,228.0,331.0,68.9,2528.0,7.6,11.0,8.0,92.31,64.0,357.0,5.6,2.0,Marcus Mariota,2020,4.4,Marcus Mariota,25,3.3,2.4,121,61,11.1,180.6,53.2,42,2.0,3.0,7,6,0.0,0.0,0.0,0.0,0.0,0.5,0.43,0.79,3.0
Marcus Mariota,TEN,2019,7.0,95.0,160.0,59.4,1203.0,7.5,7.0,2.0,92.27,24.0,129.0,5.4,0.0,Marcus Mariota,2020,4.5,Marcus Mariota,26,4.4,1.3,50,75,12.7,171.9,35.5,25,0.0,0.0,2,4,1.0,1.0,1.0,0.0,0.0,0.29,0.57,1.0,3.57
Marcus Mariota,ATL,2022,13.0,184.0,300.0,61.3,2219.0,7.4,15.0,9.0,88.18,85.0,438.0,5.2,4.0,Marcus Mariota,2022,4.5,Marcus Mariota,29,5.0,3.0,111,75,12.1,170.7,55.6,28,2.0,3.0,5,8,0.0,0.0,0.0,0.0,0.0,0.38,0.62,1.15,2.15
