name,team,year,games_played,comp,att,comp_pct,yds,avg_yds_per_att,td,int,pass_rating,rush_att,rush_yds,rush_avg,rush_td,full_name,3,8
Rex Grossman,WAS,2010,4.0,74.0,133.0,55.6,884.0,6.6,7.0,4.0,81.16,3.0,6.0,2.0,0.0,Rex Grossman,2015,0.7%
Rex Grossman,WAS,2011,13.0,265.0,458.0,57.9,3148.0,6.9,16.0,20.0,72.39,20.0,11.0,0.6,1.0,Rex Grossman,2015,0.7%
Matt Flynn,GB,2013,7.0,124.0,200.0,62.0,1392.0,7.0,8.0,5.0,85.67,20.0,65.0,3.2,0.0,Matt Flynn,2013,4.7%
Matt Flynn,GB,2013,7.0,124.0,200.0,62.0,1392.0,7.0,8.0,5.0,85.67,20.0,65.0,3.2,0.0,Matt Flynn,2013,0.7%
Jameis Winston,TB,2015,16.0,312.0,535.0,58.3,4042.0,7.6,22.0,15.0,84.19,54.0,213.0,3.9,6.0,Jameis Winston,2015,4.4%
Jameis Winston,TB,2016,16.0,345.0,567.0,60.8,4090.0,7.2,28.0,18.0,86.08,52.0,168.0,3.2,1.0,Jameis Winston,2020,0.6%
Jameis Winston,TB,2017,13.0,282.0,442.0,63.8,3504.0,7.9,19.0,11.0,92.24,33.0,135.0,4.1,1.0,Jameis Winston,2020,0.6%
Jameis Winston,TB,2018,11.0,244.0,378.0,64.6,2992.0,7.9,19.0,14.0,90.18,49.0,281.0,5.7,1.0,Jameis Winston,2020,0.6%
Jameis Winston,TB,2019,16.0,380.0,626.0,60.7,5109.0,8.2,33.0,30.0,84.28,59.0,250.0,4.2,1.0,Jameis Winston,2020,0.6%
Jameis Winston,NO,2021,7.0,95.0,161.0,59.0,1170.0,7.3,14.0,3.0,102.76,32.0,166.0,5.2,1.0,Jameis Winston,2021,3.0%
Nick Mullens,SF,2018,8.0,176.0,274.0,64.2,2277.0,8.3,13.0,10.0,90.85,18.0,-16.0,-0.9,0.0,Nick Mullens,2018,0.3%
Nick Mullens,SF,2018,8.0,176.0,274.0,64.2,2277.0,8.3,13.0,10.0,90.85,18.0,-16.0,-0.9,0.0,Nick Mullens,2018,0.3%
Nick Mullens,SF,2018,8.0,176.0,274.0,64.2,2277.0,8.3,13.0,10.0,90.85,18.0,-16.0,-0.9,0.0,Nick Mullens,2018,0.1%
Nick Mullens,SF,2020,10.0,211.0,326.0,64.7,2437.0,7.5,12.0,12.0,84.1,9.0,8.0,0.9,0.0,Nick Mullens,2020,0.4%
Kevin Kolb,PHI,2010,7.0,115.0,189.0,60.8,1197.0,6.3,7.0,7.0,76.09,14.0,68.0,4.9,0.0,Kevin Kolb,2011,10.3%
Kevin Kolb,ARI,2011,9.0,146.0,253.0,57.7,1955.0,7.7,9.0,8.0,81.05,17.0,65.0,3.8,0.0,Kevin Kolb,2011,10.3%
Kevin Kolb,ARI,2012,6.0,109.0,183.0,59.6,1169.0,6.4,8.0,3.0,86.08,16.0,100.0,6.2,1.0,Kevin Kolb,2013,2.5%
Gardner Minshew,JAX,2019,14.0,285.0,470.0,60.6,3271.0,7.0,21.0,6.0,91.19,67.0,344.0,5.1,0.0,Gardner Minshew,2019,0.4%
Gardner Minshew,JAX,2020,9.0,216.0,327.0,66.1,2259.0,6.9,16.0,5.0,95.85,29.0,153.0,5.3,1.0,Gardner Minshew,2023,1.6%
Brett Hundley,GB,2017,11.0,192.0,316.0,60.8,1836.0,5.8,9.0,12.0,70.6,36.0,270.0,7.5,2.0,Brett Hundley,2019,1.0%
Bruce Gradkowski,LV,2010,6.0,83.0,157.0,52.9,1059.0,6.7,5.0,7.0,66.28,12.0,41.0,3.4,0.0,Bruce Gradkowski,2016,0.6%
Matt Barkley,CHI,2016,7.0,129.0,216.0,59.7,1611.0,7.5,8.0,14.0,68.27,7.0,2.0,0.3,0.0,Matt Barkley,2016,0.4%
Matt Barkley,CHI,2016,7.0,129.0,216.0,59.7,1611.0,7.5,8.0,14.0,68.27,7.0,2.0,0.3,0.0,Matt Barkley,2016,0.2%
DeShone Kizer,CLE,2017,15.0,255.0,476.0,53.6,2894.0,6.1,11.0,22.0,60.5,77.0,419.0,5.4,5.0,DeShone Kizer,2017,0.7%
Josh McCown,CHI,2013,8.0,149.0,224.0,66.5,1829.0,8.2,13.0,1.0,109.02,13.0,69.0,5.3,1.0,Josh McCown,2013,0.7%
Josh McCown,TB,2014,12.0,184.0,327.0,56.3,2206.0,6.7,11.0,14.0,70.46,25.0,127.0,5.1,3.0,Josh McCown,2014,3.8%
Josh McCown,CLE,2015,8.0,186.0,292.0,63.7,2109.0,7.2,12.0,4.0,93.25,20.0,98.0,4.9,1.0,Josh McCown,2015,3.3%
Josh McCown,CLE,2016,5.0,90.0,165.0,54.5,1100.0,6.7,6.0,6.0,72.29,7.0,21.0,3.0,0.0,Josh McCown,2017,3.6%
Josh McCown,NYJ,2017,13.0,267.0,397.0,67.3,2926.0,7.4,18.0,9.0,94.51,37.0,124.0,3.4,5.0,Josh McCown,2017,3.6%
Blaine Gabbert,JAX,2011,15.0,210.0,413.0,50.8,2214.0,5.4,12.0,11.0,65.38,48.0,98.0,2.0,0.0,Blaine Gabbert,2011,2.5%
Blaine Gabbert,JAX,2012,10.0,162.0,278.0,58.3,1662.0,6.0,9.0,6.0,77.35,18.0,56.0,3.1,0.0,Blaine Gabbert,2015,1.4%
Blaine Gabbert,SF,2015,8.0,178.0,282.0,63.1,2031.0,7.2,10.0,7.0,86.17,32.0,185.0,5.8,1.0,Blaine Gabbert,2015,1.4%
Blaine Gabbert,SF,2016,6.0,91.0,160.0,56.9,925.0,5.8,5.0,6.0,68.36,40.0,173.0,4.3,2.0,Blaine Gabbert,2017,0.5%
Blaine Gabbert,ARI,2017,5.0,95.0,171.0,55.6,1086.0,6.4,6.0,6.0,71.92,22.0,82.0,3.7,0.0,Blaine Gabbert,2017,0.5%
Brandon Allen,CIN,2020,5.0,90.0,142.0,63.4,925.0,6.5,5.0,4.0,82.04,13.0,27.0,2.1,0.0,Brandon Allen,2020,0.4%
Brandon Allen,CIN,2020,5.0,90.0,142.0,63.4,925.0,6.5,5.0,4.0,82.04,13.0,27.0,2.1,0.0,Brandon Allen,2020,0.1%
Alex Smith,SF,2010,11.0,204.0,342.0,59.6,2370.0,6.9,14.0,10.0,82.13,18.0,60.0,3.3,0.0,Alex Smith,2011,3.3%
Alex Smith,SF,2011,16.0,274.0,446.0,61.4,3150.0,7.1,17.0,5.0,90.74,52.0,179.0,3.4,2.0,Alex Smith,2011,3.3%
Alex Smith,SF,2012,16.0,153.0,218.0,70.2,1737.0,8.0,13.0,5.0,104.09,31.0,132.0,4.3,0.0,Alex Smith,2012,6.6%
Alex Smith,KC,2013,15.0,308.0,508.0,60.6,3313.0,6.5,23.0,7.0,89.13,76.0,431.0,5.7,1.0,Alex Smith,2014,12.8%
Alex Smith,KC,2014,15.0,303.0,464.0,65.3,3265.0,7.0,18.0,6.0,93.36,49.0,254.0,5.2,1.0,Alex Smith,2014,12.8%
Alex Smith,KC,2015,16.0,307.0,470.0,65.3,3486.0,7.4,20.0,7.0,95.4,84.0,498.0,5.9,2.0,Alex Smith,2018,13.3%
Alex Smith,KC,2016,15.0,328.0,489.0,67.1,3502.0,7.2,15.0,8.0,91.23,48.0,134.0,2.8,5.0,Alex Smith,2018,13.3%
Alex Smith,KC,2017,15.0,341.0,505.0,67.5,4042.0,8.0,26.0,5.0,104.74,60.0,355.0,5.9,1.0,Alex Smith,2018,13.3%
Alex Smith,WAS,2018,10.0,205.0,328.0,62.5,2180.0,6.6,10.0,5.0,85.67,41.0,168.0,4.1,1.0,Alex Smith,2018,13.3%
Sam Darnold,NYJ,2018,13.0,239.0,414.0,57.7,2865.0,6.9,17.0,15.0,77.62,44.0,138.0,3.1,1.0,Sam Darnold,2018,4.3%
Sam Darnold,NYJ,2019,13.0,273.0,441.0,61.9,3024.0,6.9,19.0,13.0,84.32,33.0,62.0,1.9,2.0,Sam Darnold,2023,2.0%
Sam Darnold,NYJ,2020,12.0,217.0,364.0,59.6,2208.0,6.1,9.0,11.0,72.69,37.0,217.0,5.9,2.0,Sam Darnold,2023,2.0%
Sam Darnold,CAR,2021,12.0,243.0,406.0,59.9,2527.0,6.2,9.0,13.0,71.94,48.0,222.0,4.6,5.0,Sam Darnold,2023,2.0%
Sam Darnold,CAR,2022,6.0,82.0,140.0,58.6,1143.0,8.2,7.0,3.0,92.65,26.0,106.0,4.1,2.0,Sam Darnold,2023,2.0%
Chad Henne,MIA,2010,15.0,301.0,490.0,61.4,3301.0,6.7,15.0,18.0,76.24,35.0,52.0,1.5,0.0,Chad Henne,2012,2.8%
Chad Henne,JAX,2012,10.0,166.0,308.0,53.9,2084.0,6.8,11.0,11.0,72.21,19.0,64.0,3.4,1.0,Chad Henne,2012,2.8%
Chad Henne,JAX,2013,15.0,305.0,503.0,60.6,3241.0,6.4,13.0,14.0,76.48,27.0,77.0,2.9,0.0,Chad Henne,2014,3.0%
Brian Hoyer,CLE,2014,14.0,243.0,439.0,55.4,3335.0,7.6,12.0,13.0,76.64,25.0,32.0,1.3,0.0,Brian Hoyer,2015,3.7%
Brian Hoyer,HOU,2015,11.0,224.0,369.0,60.7,2606.0,7.1,19.0,7.0,91.36,15.0,44.0,2.9,0.0,Brian Hoyer,2015,3.7%
Brian Hoyer,CHI,2016,6.0,134.0,200.0,67.0,1445.0,7.2,6.0,0.0,98.02,7.0,-2.0,-0.3,0.0,Brian Hoyer,2016,1.3%
Brian Hoyer,NE,2017,11.0,123.0,211.0,58.3,1287.0,6.1,4.0,4.0,74.5,9.0,4.0,0.4,1.0,Brian Hoyer,2017,3.6%
Brian Hoyer,NE,2017,11.0,123.0,211.0,58.3,1287.0,6.1,4.0,4.0,74.5,9.0,4.0,0.4,1.0,Brian Hoyer,2017,1.0%
Cam Newton,CAR,2011,16.0,310.0,517.0,60.0,4051.0,7.8,21.0,17.0,84.54,125.0,709.0,5.7,14.0,Cam Newton,2011,4.6%
Cam Newton,CAR,2012,16.0,280.0,485.0,57.7,3869.0,8.0,19.0,12.0,86.18,127.0,741.0,5.8,8.0,Cam Newton,2015,14.5%
Cam Newton,CAR,2013,16.0,292.0,473.0,61.7,3379.0,7.1,24.0,13.0,88.76,111.0,585.0,5.3,6.0,Cam Newton,2015,14.5%
Cam Newton,CAR,2014,14.0,262.0,448.0,58.5,3127.0,7.0,18.0,12.0,82.13,103.0,539.0,5.2,5.0,Cam Newton,2015,14.5%
Cam Newton,CAR,2015,16.0,296.0,495.0,59.8,3837.0,7.8,35.0,10.0,99.36,132.0,636.0,4.8,10.0,Cam Newton,2015,14.5%
Cam Newton,CAR,2016,15.0,270.0,510.0,52.9,3509.0,6.9,19.0,14.0,75.85,90.0,359.0,4.0,5.0,Cam Newton,2020,0.9%
Cam Newton,CAR,2017,16.0,291.0,492.0,59.1,3302.0,6.7,22.0,16.0,80.69,139.0,754.0,5.4,6.0,Cam Newton,2020,0.9%
Cam Newton,CAR,2018,14.0,320.0,471.0,67.9,3395.0,7.2,24.0,13.0,94.22,101.0,488.0,4.8,4.0,Cam Newton,2020,0.9%
Cam Newton,NE,2020,15.0,242.0,368.0,65.8,2657.0,7.2,8.0,10.0,82.89,137.0,592.0,4.3,12.0,Cam Newton,2020,0.9%
Cam Newton,CAR,2021,8.0,69.0,126.0,54.8,684.0,5.4,4.0,5.0,64.38,47.0,230.0,4.9,5.0,Cam Newton,2021,4.5%
Cam Newton,CAR,2021,8.0,69.0,126.0,54.8,684.0,5.4,4.0,5.0,64.38,47.0,230.0,4.9,5.0,Cam Newton,2021,2.8%
Tarvaris Jackson,SEA,2011,15.0,271.0,450.0,60.2,3091.0,6.9,14.0,13.0,79.22,41.0,110.0,2.7,1.0,Tarvaris Jackson,2015,1.0%
Jimmy Garoppolo,SF,2017,6.0,120.0,178.0,67.4,1560.0,8.8,7.0,5.0,96.18,15.0,11.0,0.7,1.0,Jimmy Garoppolo,2018,15.5%
Jimmy Garoppolo,SF,2019,16.0,329.0,476.0,69.1,3978.0,8.4,27.0,13.0,102.03,46.0,62.0,1.3,1.0,Jimmy Garoppolo,2022,3.4%
Jimmy Garoppolo,SF,2020,6.0,94.0,140.0,67.1,1096.0,7.8,7.0,5.0,92.44,10.0,25.0,2.5,0.0,Jimmy Garoppolo,2022,3.4%
Jimmy Garoppolo,SF,2021,15.0,301.0,441.0,68.3,3810.0,8.6,20.0,12.0,98.74,38.0,51.0,1.3,3.0,Jimmy Garoppolo,2022,3.4%
Jimmy Garoppolo,SF,2022,11.0,207.0,308.0,67.2,2437.0,7.9,16.0,4.0,102.96,23.0,33.0,1.4,2.0,Jimmy Garoppolo,2022,3.4%
Josh Rosen,ARI,2018,14.0,217.0,393.0,55.2,2278.0,5.8,11.0,14.0,66.74,23.0,138.0,6.0,0.0,Josh Rosen,2018,2.5%
Justin Fields,CHI,2021,12.0,159.0,270.0,58.9,1870.0,6.9,7.0,10.0,73.23,72.0,420.0,5.8,2.0,Justin Fields,2021,2.6%
Kirk Cousins,WAS,2013,5.0,81.0,155.0,52.3,854.0,5.5,4.0,7.0,58.37,4.0,14.0,3.5,0.0,Kirk Cousins,2016,12.9%
Kirk Cousins,WAS,2014,6.0,126.0,204.0,61.8,1710.0,8.4,10.0,9.0,86.44,7.0,20.0,2.9,0.0,Kirk Cousins,2016,12.9%
Kirk Cousins,WAS,2015,16.0,379.0,543.0,69.8,4166.0,7.7,29.0,11.0,101.58,26.0,48.0,1.8,5.0,Kirk Cousins,2016,12.9%
Kirk Cousins,WAS,2016,16.0,406.0,606.0,67.0,4917.0,8.1,25.0,12.0,97.22,34.0,96.0,2.8,4.0,Kirk Cousins,2016,12.9%
Kirk Cousins,WAS,2017,16.0,347.0,540.0,64.3,4093.0,7.6,27.0,13.0,93.85,49.0,179.0,3.7,4.0,Kirk Cousins,2017,14.3%
Kirk Cousins,MIN,2018,16.0,425.0,606.0,70.1,4298.0,7.1,30.0,10.0,99.7,44.0,123.0,2.8,1.0,Kirk Cousins,2018,15.8%
Kirk Cousins,MIN,2019,15.0,307.0,444.0,69.1,3603.0,8.1,26.0,6.0,107.4,31.0,63.0,2.0,1.0,Kirk Cousins,2020,16.6%
Kirk Cousins,MIN,2020,16.0,349.0,516.0,67.6,4265.0,8.3,35.0,13.0,105.0,32.0,156.0,4.9,1.0,Kirk Cousins,2020,16.6%
Kirk Cousins,MIN,2021,16.0,372.0,561.0,66.3,4221.0,7.5,33.0,7.0,103.1,29.0,115.0,4.0,1.0,Kirk Cousins,2022,16.8%
Kirk Cousins,MIN,2022,17.0,424.0,643.0,65.9,4547.0,7.1,29.0,14.0,92.46,31.0,97.0,3.1,2.0,Kirk Cousins,2022,16.8%
Carson Wentz,PHI,2016,16.0,379.0,607.0,62.4,3782.0,6.2,16.0,14.0,79.25,46.0,150.0,3.3,2.0,Carson Wentz,2016,4.3%
Carson Wentz,PHI,2017,13.0,265.0,440.0,60.2,3296.0,7.5,33.0,7.0,101.86,64.0,299.0,4.7,0.0,Carson Wentz,2019,17.0%
Carson Wentz,PHI,2018,11.0,279.0,401.0,69.6,3074.0,7.7,21.0,7.0,102.19,34.0,93.0,2.7,0.0,Carson Wentz,2019,17.0%
Carson Wentz,PHI,2019,16.0,388.0,607.0,63.9,4039.0,6.7,27.0,7.0,93.1,62.0,243.0,3.9,1.0,Carson Wentz,2019,17.0%
Philip Rivers,LAC,2010,16.0,357.0,541.0,66.0,4710.0,8.7,30.0,13.0,101.82,29.0,52.0,1.8,0.0,Philip Rivers,2015,14.5%
Philip Rivers,LAC,2011,16.0,366.0,582.0,62.9,4624.0,7.9,27.0,20.0,88.74,26.0,36.0,1.4,1.0,Philip Rivers,2015,14.5%
Philip Rivers,LAC,2012,16.0,338.0,527.0,64.1,3606.0,6.8,26.0,15.0,88.63,27.0,40.0,1.5,0.0,Philip Rivers,2015,14.5%
Philip Rivers,LAC,2013,16.0,378.0,544.0,69.5,4478.0,8.2,32.0,11.0,105.47,28.0,72.0,2.6,0.0,Philip Rivers,2015,14.5%
Philip Rivers,LAC,2014,16.0,379.0,570.0,66.5,4286.0,7.5,31.0,18.0,93.79,38.0,104.0,2.7,0.0,Philip Rivers,2015,14.5%
Philip Rivers,LAC,2015,16.0,437.0,661.0,66.1,4792.0,7.2,29.0,13.0,93.81,17.0,28.0,1.6,0.0,Philip Rivers,2015,14.5%
Philip Rivers,LAC,2016,16.0,349.0,578.0,60.4,4386.0,7.6,33.0,21.0,87.91,14.0,35.0,2.5,0.0,Philip Rivers,2020,12.6%
Philip Rivers,LAC,2017,16.0,360.0,575.0,62.6,4515.0,7.9,28.0,10.0,95.96,18.0,-2.0,-0.1,0.0,Philip Rivers,2020,12.6%
Philip Rivers,LAC,2018,16.0,347.0,508.0,68.3,4308.0,8.5,32.0,12.0,105.5,18.0,7.0,0.4,0.0,Philip Rivers,2020,12.6%
Philip Rivers,LAC,2019,16.0,390.0,591.0,66.0,4615.0,7.8,23.0,20.0,88.48,12.0,29.0,2.4,0.0,Philip Rivers,2020,12.6%
Philip Rivers,IND,2020,16.0,369.0,543.0,68.0,4169.0,7.7,24.0,11.0,97.0,18.0,-8.0,-0.4,0.0,Philip Rivers,2020,12.6%
Andy Dalton,CIN,2011,16.0,300.0,516.0,58.1,3398.0,6.6,20.0,13.0,80.39,37.0,152.0,4.1,1.0,Andy Dalton,2011,1.1%
Andy Dalton,CIN,2012,16.0,329.0,528.0,62.3,3669.0,6.9,27.0,16.0,87.38,47.0,120.0,2.6,4.0,Andy Dalton,2014,12.0%
Andy Dalton,CIN,2013,16.0,363.0,586.0,61.9,4296.0,7.3,33.0,20.0,88.8,61.0,183.0,3.0,2.0,Andy Dalton,2014,12.0%
Andy Dalton,CIN,2014,16.0,309.0,482.0,64.1,3398.0,7.0,19.0,17.0,83.32,60.0,169.0,2.8,4.0,Andy Dalton,2014,12.0%
Andy Dalton,CIN,2015,13.0,255.0,386.0,66.1,3250.0,8.4,25.0,7.0,106.25,57.0,142.0,2.5,3.0,Andy Dalton,2020,1.5%
Andy Dalton,CIN,2016,16.0,364.0,563.0,64.7,4206.0,7.5,18.0,8.0,91.83,46.0,184.0,4.0,4.0,Andy Dalton,2020,1.5%
Andy Dalton,CIN,2017,16.0,297.0,496.0,59.9,3320.0,6.7,25.0,12.0,86.59,38.0,99.0,2.6,0.0,Andy Dalton,2020,1.5%
Andy Dalton,CIN,2018,11.0,226.0,365.0,61.9,2566.0,7.0,21.0,11.0,89.59,16.0,99.0,6.2,0.0,Andy Dalton,2020,1.5%
Andy Dalton,CIN,2019,13.0,314.0,528.0,59.5,3494.0,6.6,16.0,14.0,78.27,32.0,73.0,2.3,4.0,Andy Dalton,2020,1.5%
Andy Dalton,DAL,2020,11.0,216.0,333.0,64.9,2169.0,6.5,14.0,8.0,87.28,28.0,114.0,4.1,0.0,Andy Dalton,2020,1.5%
Andy Dalton,CHI,2021,8.0,149.0,236.0,63.1,1515.0,6.4,8.0,9.0,76.85,16.0,76.0,4.8,0.0,Andy Dalton,2021,5.5%
Andy Dalton,NO,2022,14.0,252.0,378.0,66.7,2871.0,7.6,18.0,9.0,95.24,30.0,54.0,1.8,0.0,Andy Dalton,2022,1.4%
Brandon Weeden,CLE,2012,15.0,297.0,517.0,57.4,3385.0,6.5,14.0,17.0,72.56,27.0,111.0,4.1,0.0,Brandon Weeden,2012,1.7%
Brandon Weeden,CLE,2013,8.0,141.0,267.0,52.8,1731.0,6.5,9.0,9.0,70.29,12.0,44.0,3.7,0.0,Brandon Weeden,2014,0.5%
Brandon Weeden,HOU,2015,6.0,97.0,140.0,69.3,1043.0,7.4,5.0,2.0,96.82,16.0,47.0,2.9,1.0,Brandon Weeden,2016,1.3%
Kyle Orton,DEN,2010,13.0,293.0,498.0,58.8,3652.0,7.3,20.0,9.0,87.53,22.0,98.0,4.5,0.0,Kyle Orton,2012,2.9%
Kyle Orton,KC,2011,9.0,150.0,252.0,59.5,1758.0,7.0,9.0,9.0,77.78,11.0,13.0,1.2,0.0,Kyle Orton,2012,2.9%
Kyle Orton,BUF,2014,12.0,287.0,447.0,64.2,3018.0,6.8,18.0,10.0,87.82,15.0,14.0,0.9,1.0,Kyle Orton,2014,4.1%
Matt Schaub,HOU,2010,16.0,365.0,574.0,63.6,4369.0,7.6,24.0,12.0,92.02,22.0,28.0,1.3,0.0,Matt Schaub,2012,12.9%
Matt Schaub,HOU,2011,10.0,178.0,292.0,61.0,2479.0,8.5,15.0,6.0,96.82,15.0,9.0,0.6,2.0,Matt Schaub,2012,12.9%
Matt Schaub,HOU,2012,16.0,350.0,544.0,64.3,4008.0,7.4,22.0,12.0,90.69,21.0,-9.0,-0.4,0.0,Matt Schaub,2012,12.9%
Matt Schaub,HOU,2013,10.0,219.0,358.0,61.2,2310.0,6.5,10.0,14.0,72.96,5.0,24.0,4.8,0.0,Matt Schaub,2014,5.1%
Sam Bradford,LAR,2010,16.0,354.0,590.0,60.0,3512.0,6.0,18.0,15.0,76.46,27.0,63.0,2.3,1.0,Sam Bradford,2016,11.3%
Sam Bradford,LAR,2011,10.0,190.0,356.0,53.4,2157.0,6.1,6.0,6.0,70.4,18.0,26.0,1.4,0.0,Sam Bradford,2016,11.3%
Sam Bradford,LAR,2012,16.0,328.0,551.0,59.5,3702.0,6.7,21.0,13.0,82.56,37.0,127.0,3.4,1.0,Sam Bradford,2016,11.3%
Sam Bradford,LAR,2013,7.0,159.0,262.0,60.7,1687.0,6.4,14.0,4.0,90.94,15.0,31.0,2.1,0.0,Sam Bradford,2016,11.3%
Sam Bradford,PHI,2015,14.0,346.0,532.0,65.0,3725.0,7.0,19.0,14.0,86.4,26.0,39.0,1.5,0.0,Sam Bradford,2016,11.3%
Sam Bradford,MIN,2016,15.0,395.0,552.0,71.6,3877.0,7.0,20.0,5.0,99.28,20.0,53.0,2.6,0.0,Sam Bradford,2016,11.3%
Ryan Lindley,ARI,2012,6.0,89.0,171.0,52.0,752.0,4.4,0.0,7.0,46.72,4.0,7.0,1.8,0.0,Ryan Lindley,2012,0.5%
Russell Wilson,SEA,2012,16.0,252.0,393.0,64.1,3118.0,7.9,26.0,10.0,100.03,94.0,489.0,5.2,4.0,Russell Wilson,2012,0.6%
Russell Wilson,SEA,2013,16.0,257.0,407.0,63.1,3357.0,8.2,26.0,9.0,101.15,96.0,539.0,5.6,1.0,Russell Wilson,2015,15.3%
Russell Wilson,SEA,2014,16.0,285.0,452.0,63.1,3475.0,7.7,20.0,7.0,94.96,118.0,849.0,7.2,6.0,Russell Wilson,2015,15.3%
Russell Wilson,SEA,2015,16.0,329.0,483.0,68.1,4024.0,8.3,34.0,8.0,110.12,103.0,553.0,5.4,1.0,Russell Wilson,2015,15.3%
Russell Wilson,SEA,2016,16.0,353.0,546.0,64.7,4219.0,7.7,21.0,11.0,92.58,72.0,259.0,3.6,1.0,Russell Wilson,2019,18.6%
Russell Wilson,SEA,2017,16.0,339.0,553.0,61.3,3983.0,7.2,34.0,11.0,95.39,95.0,586.0,6.2,3.0,Russell Wilson,2019,18.6%
Russell Wilson,SEA,2018,16.0,280.0,427.0,65.6,3448.0,8.1,35.0,7.0,110.87,67.0,376.0,5.6,0.0,Russell Wilson,2019,18.6%
Russell Wilson,SEA,2019,16.0,341.0,516.0,66.1,4110.0,8.0,31.0,5.0,106.33,75.0,342.0,4.6,3.0,Russell Wilson,2019,18.6%
Russell Wilson,SEA,2020,16.0,384.0,558.0,68.8,4212.0,7.5,40.0,13.0,105.07,83.0,513.0,6.2,2.0,Russell Wilson,2022,23.5%
Russell Wilson,SEA,2021,14.0,259.0,400.0,64.8,3113.0,7.8,25.0,6.0,103.05,43.0,183.0,4.3,2.0,Russell Wilson,2022,23.5%
Russell Wilson,DEN,2022,15.0,292.0,483.0,60.5,3524.0,7.3,16.0,11.0,84.42,55.0,277.0,5.0,3.0,Russell Wilson,2022,23.5%
Carson Palmer,CIN,2010,16.0,362.0,586.0,61.8,3970.0,6.8,26.0,20.0,82.36,32.0,50.0,1.6,0.0,Carson Palmer,2011,8.9%
Carson Palmer,LV,2011,10.0,199.0,328.0,60.7,2751.0,8.4,13.0,16.0,80.48,16.0,20.0,1.2,1.0,Carson Palmer,2011,8.9%
Carson Palmer,LV,2012,15.0,345.0,565.0,61.1,4018.0,7.1,22.0,14.0,85.25,18.0,36.0,2.0,1.0,Carson Palmer,2013,6.9%
Carson Palmer,ARI,2013,16.0,362.0,572.0,63.3,4274.0,7.5,24.0,22.0,83.92,27.0,3.0,0.1,0.0,Carson Palmer,2013,6.9%
Carson Palmer,ARI,2014,6.0,141.0,224.0,62.9,1626.0,7.3,11.0,3.0,95.57,8.0,25.0,3.1,0.0,Carson Palmer,2014,12.4%
Carson Palmer,ARI,2015,16.0,342.0,537.0,63.7,4671.0,8.7,35.0,11.0,104.59,25.0,24.0,1.0,1.0,Carson Palmer,2016,13.5%
Carson Palmer,ARI,2016,15.0,364.0,597.0,61.0,4233.0,7.1,26.0,14.0,87.18,14.0,38.0,2.7,0.0,Carson Palmer,2016,13.5%
Matt Moore,CAR,2010,6.0,79.0,143.0,55.2,857.0,6.0,5.0,10.0,55.61,5.0,25.0,5.0,0.0,Matt Moore,2011,2.1%
Matt Moore,MIA,2011,13.0,211.0,348.0,60.6,2510.0,7.2,16.0,9.0,87.21,32.0,72.0,2.2,2.0,Matt Moore,2011,2.1%
Matt Moore,MIA,2017,4.0,78.0,127.0,61.4,861.0,6.8,4.0,5.0,75.61,3.0,9.0,3.0,0.0,Matt Moore,2019,0.5%
Tua Tagovailoa,MIA,2020,10.0,186.0,290.0,64.1,1814.0,6.3,11.0,5.0,87.05,36.0,109.0,3.0,3.0,Tua Tagovailoa,2020,3.8%
Josh Freeman,TB,2010,16.0,291.0,474.0,61.4,3451.0,7.3,25.0,6.0,95.89,68.0,364.0,5.4,0.0,Josh Freeman,2013,2.3%
Josh Freeman,TB,2011,15.0,346.0,551.0,62.8,3592.0,6.5,16.0,22.0,74.62,55.0,238.0,4.3,4.0,Josh Freeman,2013,2.3%
Josh Freeman,TB,2012,16.0,306.0,558.0,54.8,4065.0,7.3,27.0,17.0,81.57,39.0,139.0,3.6,0.0,Josh Freeman,2013,2.3%
Josh Freeman,MIN,2013,4.0,63.0,147.0,42.9,761.0,5.2,2.0,4.0,52.57,5.0,20.0,4.0,0.0,Josh Freeman,2013,2.3%
Tony Romo,DAL,2010,6.0,148.0,213.0,69.5,1605.0,7.5,11.0,7.0,94.9,6.0,38.0,6.3,0.0,Tony Romo,2013,14.6%
Tony Romo,DAL,2011,16.0,346.0,522.0,66.3,4184.0,8.0,31.0,10.0,102.53,22.0,46.0,2.1,1.0,Tony Romo,2013,14.6%
Tony Romo,DAL,2012,16.0,425.0,648.0,65.6,4903.0,7.6,28.0,19.0,90.45,30.0,49.0,1.6,1.0,Tony Romo,2013,14.6%
Tony Romo,DAL,2013,15.0,342.0,535.0,63.9,3828.0,7.2,31.0,10.0,96.69,20.0,38.0,1.9,0.0,Tony Romo,2013,14.6%
Geno Smith,NYJ,2013,16.0,247.0,443.0,55.8,3046.0,6.9,12.0,21.0,66.47,72.0,366.0,5.1,6.0,Geno Smith,2013,1.0%
Geno Smith,NYJ,2014,14.0,219.0,367.0,59.7,2525.0,6.9,13.0,13.0,77.53,59.0,238.0,4.0,1.0,Geno Smith,2017,0.7%
Geno Smith,SEA,2022,17.0,399.0,572.0,69.8,4282.0,7.5,30.0,11.0,100.87,68.0,366.0,5.4,1.0,Geno Smith,2022,1.7%
Marcus Mariota,TEN,2015,12.0,230.0,370.0,62.2,2818.0,7.6,19.0,10.0,91.48,34.0,252.0,7.4,2.0,Marcus Mariota,2015,4.2%
Marcus Mariota,TEN,2016,15.0,276.0,451.0,61.2,3426.0,7.6,26.0,9.0,95.63,60.0,349.0,5.8,2.0,Marcus Mariota,2020,4.4%
Marcus Mariota,TEN,2017,15.0,281.0,453.0,62.0,3232.0,7.1,13.0,15.0,79.27,60.0,312.0,5.2,5.0,Marcus Mariota,2020,4.4%
Marcus Mariota,TEN,2018,14.0,228.0,331.0,68.9,2528.0,7.6,11.0,8.0,92.31,64.0,357.0,5.6,2.0,Marcus Mariota,2020,4.4%
Marcus Mariota,TEN,2019,7.0,95.0,160.0,59.4,1203.0,7.5,7.0,2.0,92.27,24.0,129.0,5.4,0.0,Marcus Mariota,2020,4.4%
Marcus Mariota,ATL,2022,13.0,184.0,300.0,61.3,2219.0,7.4,15.0,9.0,88.18,85.0,438.0,5.2,4.0,Marcus Mariota,2022,4.5%
Drew Brees,NO,2010,16.0,448.0,658.0,68.1,4620.0,7.0,33.0,22.0,90.86,18.0,-3.0,-0.2,0.0,Drew Brees,2012,16.6%
Drew Brees,NO,2011,16.0,468.0,657.0,71.2,5476.0,8.3,46.0,14.0,110.63,21.0,86.0,4.1,1.0,Drew Brees,2012,16.6%
Drew Brees,NO,2012,16.0,422.0,670.0,63.0,5177.0,7.7,43.0,19.0,96.34,15.0,5.0,0.3,1.0,Drew Brees,2012,16.6%
Drew Brees,NO,2013,16.0,446.0,650.0,68.6,5162.0,7.9,39.0,12.0,104.66,35.0,52.0,1.5,3.0,Drew Brees,2016,15.6%
Drew Brees,NO,2014,16.0,456.0,659.0,69.2,4952.0,7.5,33.0,17.0,97.0,27.0,68.0,2.5,1.0,Drew Brees,2016,15.6%
Drew Brees,NO,2015,15.0,428.0,627.0,68.3,4870.0,7.8,32.0,11.0,101.03,24.0,14.0,0.6,1.0,Drew Brees,2016,15.6%
Drew Brees,NO,2016,16.0,471.0,673.0,70.0,5208.0,7.7,37.0,15.0,101.69,23.0,20.0,0.9,2.0,Drew Brees,2016,15.6%
Drew Brees,NO,2017,16.0,386.0,536.0,72.0,4334.0,8.1,23.0,8.0,103.87,33.0,12.0,0.4,2.0,Drew Brees,2018,14.1%
Drew Brees,NO,2018,15.0,364.0,489.0,74.4,3992.0,8.2,32.0,5.0,115.68,31.0,22.0,0.7,4.0,Drew Brees,2018,14.1%
Drew Brees,NO,2019,11.0,281.0,378.0,74.3,2979.0,7.9,27.0,4.0,116.27,9.0,-4.0,-0.4,1.0,Drew Brees,2020,12.6%
Drew Brees,NO,2020,12.0,275.0,390.0,70.5,2942.0,7.5,24.0,6.0,106.38,18.0,-2.0,-0.1,2.0,Drew Brees,2020,12.6%
Patrick Mahomes,KC,2018,16.0,383.0,580.0,66.0,5097.0,8.8,50.0,12.0,113.84,60.0,272.0,4.5,2.0,Patrick Mahomes,2020,22.7%
Patrick Mahomes,KC,2019,14.0,319.0,484.0,65.9,4031.0,8.3,26.0,5.0,105.31,43.0,218.0,5.1,2.0,Patrick Mahomes,2020,22.7%
Patrick Mahomes,KC,2020,15.0,390.0,588.0,66.3,4740.0,8.1,38.0,6.0,108.23,62.0,308.0,5.0,2.0,Patrick Mahomes,2020,22.7%
Brock Osweiler,DEN,2015,8.0,170.0,275.0,61.8,1967.0,7.2,10.0,6.0,86.43,21.0,61.0,2.9,1.0,Brock Osweiler,2016,11.6%
Brock Osweiler,HOU,2016,15.0,301.0,510.0,59.0,2957.0,5.8,15.0,16.0,72.16,30.0,131.0,4.4,2.0,Brock Osweiler,2016,11.6%
Brock Osweiler,DEN,2017,6.0,96.0,172.0,55.8,1088.0,6.3,5.0,5.0,72.53,13.0,66.0,5.1,1.0,Brock Osweiler,2017,0.5%
Brock Osweiler,MIA,2018,7.0,113.0,178.0,63.5,1247.0,7.0,6.0,4.0,86.05,8.0,21.0,2.6,0.0,Brock Osweiler,2018,0.5%
Colt McCoy,CLE,2010,8.0,135.0,222.0,60.8,1576.0,7.1,6.0,9.0,74.46,28.0,136.0,4.9,1.0,Colt McCoy,2014,0.6%
Colt McCoy,CLE,2011,13.0,265.0,463.0,57.2,2733.0,5.9,14.0,11.0,74.55,60.0,214.0,3.6,0.0,Colt McCoy,2014,0.6%
Colt McCoy,WAS,2014,5.0,91.0,128.0,71.1,1057.0,8.3,4.0,3.0,96.39,16.0,66.0,4.1,1.0,Colt McCoy,2014,0.6%
Colt McCoy,ARI,2022,4.0,90.0,132.0,68.2,780.0,5.9,1.0,3.0,76.58,14.0,36.0,2.6,0.0,Colt McCoy,2022,1.6%
Kellen Clemens,LAR,2013,10.0,142.0,242.0,58.7,1673.0,6.9,8.0,7.0,78.75,23.0,64.0,2.8,0.0,Kellen Clemens,2017,0.6%
Michael Vick,PHI,2010,12.0,233.0,372.0,62.6,3018.0,8.1,21.0,6.0,100.18,100.0,676.0,6.8,9.0,Michael Vick,2011,13.3%
Michael Vick,PHI,2011,13.0,253.0,423.0,59.8,3303.0,7.8,18.0,14.0,84.86,74.0,590.0,8.0,1.0,Michael Vick,2011,13.3%
Michael Vick,PHI,2012,10.0,204.0,351.0,58.1,2362.0,6.7,12.0,10.0,78.08,62.0,332.0,5.4,1.0,Michael Vick,2013,6.1%
Michael Vick,PHI,2013,7.0,77.0,141.0,54.6,1215.0,8.6,5.0,3.0,86.45,36.0,306.0,8.5,2.0,Michael Vick,2013,6.1%
Michael Vick,NYJ,2014,10.0,64.0,121.0,52.9,604.0,5.0,3.0,2.0,68.34,26.0,153.0,5.9,0.0,Michael Vick,2014,3.0%
Donovan McNabb,WAS,2010,13.0,275.0,472.0,58.3,3377.0,7.2,14.0,15.0,77.09,29.0,151.0,5.2,0.0,Donovan McNabb,2011,4.2%
Donovan McNabb,MIN,2011,6.0,94.0,156.0,60.3,1026.0,6.6,4.0,2.0,82.91,14.0,59.0,4.2,1.0,Donovan McNabb,2011,4.2%
Mark Sanchez,NYJ,2010,16.0,278.0,507.0,54.8,3291.0,6.5,17.0,13.0,75.32,30.0,105.0,3.5,3.0,Mark Sanchez,2012,11.2%
Mark Sanchez,NYJ,2011,16.0,308.0,542.0,56.8,3474.0,6.4,26.0,18.0,78.3,37.0,103.0,2.8,6.0,Mark Sanchez,2012,11.2%
Mark Sanchez,NYJ,2012,15.0,246.0,453.0,54.3,2883.0,6.4,13.0,18.0,66.86,22.0,28.0,1.3,0.0,Mark Sanchez,2012,11.2%
Mark Sanchez,PHI,2014,9.0,198.0,309.0,64.1,2418.0,7.8,14.0,11.0,88.36,34.0,87.0,2.6,1.0,Mark Sanchez,2014,1.7%
Lamar Jackson,BAL,2018,16.0,99.0,170.0,58.2,1201.0,7.1,6.0,3.0,84.46,147.0,695.0,4.7,5.0,Lamar Jackson,2018,1.3%
Lamar Jackson,BAL,2019,15.0,265.0,401.0,66.1,3127.0,7.8,36.0,6.0,113.34,176.0,1206.0,6.9,7.0,Lamar Jackson,2023,23.1%
Lamar Jackson,BAL,2020,15.0,242.0,376.0,64.4,2757.0,7.3,26.0,9.0,99.35,159.0,1005.0,6.3,7.0,Lamar Jackson,2023,23.1%
Lamar Jackson,BAL,2021,12.0,246.0,382.0,64.4,2882.0,7.5,16.0,13.0,86.97,133.0,767.0,5.8,2.0,Lamar Jackson,2023,23.1%
Lamar Jackson,BAL,2022,12.0,203.0,326.0,62.3,2242.0,6.9,17.0,7.0,91.07,112.0,764.0,6.8,3.0,Lamar Jackson,2023,23.1%
Colin Kaepernick,SF,2012,13.0,136.0,218.0,62.4,1814.0,8.3,10.0,3.0,98.3,63.0,415.0,6.6,5.0,Colin Kaepernick,2014,14.3%
Colin Kaepernick,SF,2013,16.0,243.0,416.0,58.4,3197.0,7.7,21.0,8.0,91.6,92.0,524.0,5.7,4.0,Colin Kaepernick,2014,14.3%
Colin Kaepernick,SF,2014,16.0,289.0,478.0,60.5,3369.0,7.0,19.0,10.0,86.37,105.0,641.0,6.1,1.0,Colin Kaepernick,2014,14.3%
Colin Kaepernick,SF,2015,9.0,144.0,244.0,59.0,1615.0,6.6,6.0,5.0,78.5,45.0,256.0,5.7,1.0,Colin Kaepernick,2016,10.0%
Colin Kaepernick,SF,2016,12.0,196.0,332.0,59.0,2241.0,6.8,16.0,4.0,90.45,69.0,468.0,6.8,2.0,Colin Kaepernick,2016,10.0%
Aaron Rodgers,GB,2010,15.0,312.0,475.0,65.7,3922.0,8.3,28.0,11.0,101.22,64.0,356.0,5.6,4.0,Aaron Rodgers,2013,17.9%
Aaron Rodgers,GB,2011,15.0,342.0,501.0,68.3,4637.0,9.3,45.0,6.0,122.48,60.0,257.0,4.3,3.0,Aaron Rodgers,2013,17.9%
Aaron Rodgers,GB,2012,16.0,371.0,552.0,67.2,4295.0,7.8,39.0,8.0,108.02,54.0,259.0,4.8,2.0,Aaron Rodgers,2013,17.9%
Aaron Rodgers,GB,2013,9.0,193.0,290.0,66.6,2536.0,8.7,17.0,6.0,104.9,30.0,120.0,4.0,0.0,Aaron Rodgers,2013,17.9%
Aaron Rodgers,GB,2014,16.0,341.0,520.0,65.6,4381.0,8.4,38.0,5.0,112.19,43.0,269.0,6.3,2.0,Aaron Rodgers,2018,18.9%
Aaron Rodgers,GB,2015,16.0,347.0,572.0,60.7,3821.0,6.7,31.0,8.0,92.71,58.0,344.0,5.9,1.0,Aaron Rodgers,2018,18.9%
Aaron Rodgers,GB,2016,16.0,401.0,610.0,65.7,4428.0,7.3,40.0,7.0,104.19,67.0,369.0,5.5,4.0,Aaron Rodgers,2018,18.9%
Aaron Rodgers,GB,2017,7.0,154.0,238.0,64.7,1675.0,7.0,16.0,6.0,97.23,24.0,126.0,5.2,0.0,Aaron Rodgers,2018,18.9%
Aaron Rodgers,GB,2018,16.0,372.0,597.0,62.3,4442.0,7.4,25.0,2.0,97.57,43.0,269.0,6.3,2.0,Aaron Rodgers,2018,18.9%
Aaron Rodgers,GB,2019,16.0,353.0,569.0,62.0,4002.0,7.0,26.0,4.0,95.39,46.0,183.0,4.0,1.0,Aaron Rodgers,2022,24.1%
Aaron Rodgers,GB,2020,16.0,372.0,526.0,70.7,4299.0,8.2,48.0,5.0,121.53,38.0,149.0,3.9,3.0,Aaron Rodgers,2022,24.1%
Aaron Rodgers,GB,2021,16.0,366.0,531.0,68.9,4115.0,7.7,37.0,4.0,111.9,33.0,101.0,3.1,3.0,Aaron Rodgers,2022,24.1%
Aaron Rodgers,GB,2022,17.0,350.0,542.0,64.6,3695.0,6.8,26.0,12.0,91.07,34.0,94.0,2.8,1.0,Aaron Rodgers,2022,24.1%
Mac Jones,NE,2021,17.0,352.0,521.0,67.6,3801.0,7.3,22.0,13.0,92.46,44.0,129.0,2.9,0.0,Mac Jones,2021,2.1%
Matt Hasselbeck,SEA,2010,14.0,266.0,444.0,59.9,2998.0,6.8,12.0,17.0,73.2,23.0,60.0,2.6,3.0,Matt Hasselbeck,2011,5.5%
Matt Hasselbeck,TEN,2011,16.0,319.0,518.0,61.6,3571.0,6.9,18.0,14.0,82.45,20.0,52.0,2.6,0.0,Matt Hasselbeck,2011,5.5%
Matt Hasselbeck,TEN,2012,8.0,138.0,221.0,62.4,1367.0,6.2,7.0,5.0,81.02,13.0,38.0,2.9,0.0,Matt Hasselbeck,2013,2.9%
Matt Hasselbeck,IND,2015,8.0,156.0,256.0,60.9,1690.0,6.6,9.0,5.0,83.95,16.0,15.0,0.9,0.0,Matt Hasselbeck,2015,2.1%
Cody Kessler,CLE,2016,9.0,128.0,195.0,65.6,1380.0,7.1,6.0,2.0,92.25,11.0,18.0,1.6,0.0,Cody Kessler,2016,0.5%
Cody Kessler,JAX,2018,5.0,85.0,131.0,64.9,709.0,5.4,2.0,2.0,77.43,19.0,123.0,6.5,0.0,Cody Kessler,2019,0.5%
Zach Wilson,NYJ,2021,13.0,213.0,383.0,55.6,2334.0,6.1,9.0,11.0,69.69,29.0,185.0,6.4,4.0,Zach Wilson,2021,4.8%
David Blough,DET,2019,5.0,94.0,174.0,54.0,984.0,5.7,4.0,6.0,63.96,8.0,31.0,3.9,0.0,David Blough,2019,0.3%
Drew Lock,DEN,2019,5.0,100.0,156.0,64.1,1020.0,6.5,7.0,3.0,89.69,18.0,72.0,4.0,0.0,Drew Lock,2019,0.9%
Drew Lock,DEN,2020,13.0,254.0,443.0,57.3,2933.0,6.6,16.0,15.0,75.38,44.0,160.0,3.6,3.0,Drew Lock,2023,1.8%
Austin Davis,LAR,2014,10.0,180.0,284.0,63.4,2001.0,7.0,12.0,9.0,85.14,16.0,36.0,2.2,0.0,Austin Davis,2014,0.4%
Taylor Heinicke,WAS,2021,16.0,321.0,494.0,65.0,3419.0,6.9,20.0,15.0,85.91,60.0,313.0,5.2,1.0,Taylor Heinicke,2021,1.3%
Taylor Heinicke,WAS,2022,9.0,161.0,259.0,62.2,1859.0,7.2,12.0,6.0,89.58,28.0,96.0,3.4,1.0,Taylor Heinicke,2023,3.1%
Davis Mills,HOU,2021,13.0,263.0,394.0,66.8,2664.0,6.8,16.0,10.0,88.84,18.0,44.0,2.4,0.0,Davis Mills,2021,0.7%
Andrew Luck,IND,2012,16.0,339.0,627.0,54.1,4374.0,7.0,23.0,18.0,76.47,62.0,255.0,4.1,5.0,Andrew Luck,2012,4.6%
Andrew Luck,IND,2013,16.0,343.0,570.0,60.2,3822.0,6.7,23.0,9.0,87.04,63.0,377.0,6.0,4.0,Andrew Luck,2016,15.8%
Andrew Luck,IND,2014,16.0,380.0,616.0,61.7,4761.0,7.7,40.0,16.0,96.52,64.0,263.0,4.1,3.0,Andrew Luck,2016,15.8%
Andrew Luck,IND,2015,7.0,162.0,293.0,55.3,1881.0,6.4,15.0,12.0,74.91,33.0,196.0,5.9,0.0,Andrew Luck,2016,15.8%
Andrew Luck,IND,2016,15.0,346.0,545.0,63.5,4240.0,7.8,31.0,13.0,96.43,64.0,341.0,5.3,2.0,Andrew Luck,2016,15.8%
Trevor Siemian,DEN,2016,14.0,289.0,486.0,59.5,3401.0,7.0,18.0,10.0,84.57,28.0,57.0,2.0,0.0,Trevor Siemian,2019,1.1%
Trevor Siemian,DEN,2017,11.0,206.0,349.0,59.0,2285.0,6.5,12.0,14.0,73.3,31.0,127.0,4.1,1.0,Trevor Siemian,2019,1.1%
Trevor Siemian,NO,2021,6.0,108.0,188.0,57.4,1154.0,6.1,11.0,3.0,88.39,9.0,20.0,2.2,1.0,Trevor Siemian,2021,0.5%
Teddy Bridgewater,MIN,2014,13.0,259.0,402.0,64.4,2919.0,7.3,14.0,12.0,85.2,47.0,209.0,4.4,1.0,Teddy Bridgewater,2014,1.3%
Teddy Bridgewater,MIN,2015,16.0,292.0,447.0,65.3,3231.0,7.2,14.0,9.0,88.69,44.0,192.0,4.4,3.0,Teddy Bridgewater,2018,3.4%
Teddy Bridgewater,NO,2019,9.0,133.0,196.0,67.9,1384.0,7.1,9.0,2.0,99.11,28.0,31.0,1.1,0.0,Teddy Bridgewater,2019,3.9%
Teddy Bridgewater,CAR,2020,15.0,340.0,492.0,69.1,3733.0,7.6,15.0,11.0,92.13,53.0,279.0,5.3,5.0,Teddy Bridgewater,2020,10.6%
Teddy Bridgewater,DEN,2021,14.0,285.0,426.0,66.9,3052.0,7.2,18.0,7.0,94.92,30.0,106.0,3.5,2.0,Teddy Bridgewater,2021,6.3%
Jalen Hurts,PHI,2020,15.0,77.0,148.0,52.0,1061.0,7.2,6.0,4.0,77.56,63.0,357.0,5.7,3.0,Jalen Hurts,2020,0.8%
Jalen Hurts,PHI,2021,15.0,265.0,432.0,61.3,3144.0,7.3,16.0,9.0,87.19,139.0,784.0,5.6,10.0,Jalen Hurts,2023,22.7%
Jalen Hurts,PHI,2022,15.0,306.0,460.0,66.5,3701.0,8.0,22.0,6.0,101.55,165.0,760.0,4.6,13.0,Jalen Hurts,2023,22.7%
Daniel Jones,NYG,2019,13.0,284.0,459.0,61.9,3027.0,6.6,24.0,12.0,87.66,45.0,279.0,6.2,2.0,Daniel Jones,2019,3.4%
Daniel Jones,NYG,2020,14.0,280.0,448.0,62.5,2943.0,6.6,11.0,10.0,80.42,65.0,423.0,6.5,1.0,Daniel Jones,2023,17.8%
Daniel Jones,NYG,2021,11.0,232.0,361.0,64.3,2428.0,6.7,10.0,7.0,84.82,62.0,298.0,4.8,2.0,Daniel Jones,2023,17.8%
Daniel Jones,NYG,2022,16.0,317.0,472.0,67.2,3205.0,6.8,15.0,5.0,92.52,120.0,708.0,5.9,7.0,Daniel Jones,2023,17.8%
Joe Flacco,BAL,2010,16.0,306.0,489.0,62.6,3622.0,7.4,25.0,10.0,93.61,43.0,84.0,2.0,1.0,Joe Flacco,2013,16.3%
Joe Flacco,BAL,2011,16.0,312.0,542.0,57.6,3610.0,6.7,20.0,12.0,80.88,40.0,90.0,2.2,1.0,Joe Flacco,2013,16.3%
Joe Flacco,BAL,2012,16.0,317.0,531.0,59.7,3817.0,7.2,22.0,10.0,87.75,32.0,22.0,0.7,3.0,Joe Flacco,2013,16.3%
Joe Flacco,BAL,2013,16.0,362.0,614.0,59.0,3912.0,6.4,19.0,22.0,73.15,27.0,131.0,4.9,1.0,Joe Flacco,2013,16.3%
Joe Flacco,BAL,2014,16.0,344.0,555.0,62.0,3986.0,7.2,27.0,12.0,90.87,39.0,70.0,1.8,2.0,Joe Flacco,2016,14.3%
Joe Flacco,BAL,2015,10.0,266.0,413.0,64.4,2791.0,6.8,14.0,12.0,83.11,13.0,23.0,1.8,3.0,Joe Flacco,2016,14.3%
Joe Flacco,BAL,2016,16.0,436.0,672.0,64.9,4317.0,6.4,20.0,15.0,83.54,21.0,58.0,2.8,2.0,Joe Flacco,2016,14.3%
Joe Flacco,BAL,2017,16.0,352.0,549.0,64.1,3141.0,5.7,18.0,13.0,80.42,25.0,54.0,2.2,1.0,Joe Flacco,2020,0.8%
Joe Flacco,BAL,2018,9.0,232.0,379.0,61.2,2465.0,6.5,12.0,6.0,84.15,19.0,45.0,2.4,0.0,Joe Flacco,2020,0.8%
Joe Flacco,DEN,2019,8.0,171.0,262.0,65.3,1822.0,7.0,6.0,5.0,85.13,12.0,20.0,1.7,0.0,Joe Flacco,2020,0.8%
Joe Flacco,NYJ,2020,5.0,74.0,134.0,55.2,864.0,6.4,6.0,3.0,80.57,6.0,22.0,3.7,0.0,Joe Flacco,2020,0.8%
Joe Flacco,NYJ,2022,5.0,110.0,191.0,57.6,1051.0,5.5,5.0,3.0,75.19,3.0,6.0,2.0,0.0,Joe Flacco,2022,1.7%
Thaddeus Lewis,BUF,2013,6.0,93.0,157.0,59.2,1092.0,7.0,4.0,3.0,80.96,24.0,52.0,2.2,1.0,Thaddeus Lewis,2016,0.5%
Jay Cutler,CHI,2010,15.0,261.0,432.0,60.4,3274.0,7.6,23.0,16.0,86.32,51.0,232.0,4.5,1.0,Jay Cutler,2014,13.6%
Jay Cutler,CHI,2011,10.0,182.0,314.0,58.0,2319.0,7.4,13.0,7.0,85.67,18.0,56.0,3.1,1.0,Jay Cutler,2014,13.6%
Jay Cutler,CHI,2012,15.0,255.0,434.0,58.8,3033.0,7.0,19.0,14.0,81.32,41.0,233.0,5.7,0.0,Jay Cutler,2014,13.6%
Jay Cutler,CHI,2013,11.0,225.0,356.0,63.2,2619.0,7.4,19.0,12.0,89.15,23.0,118.0,5.1,0.0,Jay Cutler,2014,13.6%
Jay Cutler,CHI,2014,15.0,370.0,561.0,66.0,3812.0,6.8,28.0,18.0,88.63,39.0,191.0,4.9,2.0,Jay Cutler,2014,13.6%
Jay Cutler,CHI,2015,15.0,311.0,483.0,64.4,3659.0,7.6,21.0,11.0,92.31,38.0,201.0,5.3,1.0,Jay Cutler,2017,6.0%
Jay Cutler,CHI,2016,5.0,81.0,137.0,59.1,1059.0,7.7,4.0,5.0,78.09,5.0,24.0,4.8,0.0,Jay Cutler,2017,6.0%
Jay Cutler,MIA,2017,14.0,266.0,429.0,62.0,2666.0,6.2,19.0,14.0,80.81,19.0,32.0,1.7,0.0,Jay Cutler,2017,6.0%
Mason Rudolph,PIT,2019,10.0,176.0,283.0,62.2,1765.0,6.2,13.0,9.0,81.96,21.0,42.0,2.0,0.0,Mason Rudolph,2021,2.7%
Tom Brady,NE,2010,16.0,324.0,492.0,65.9,3900.0,7.9,36.0,4.0,110.99,31.0,30.0,1.0,1.0,Tom Brady,2013,9.3%
Tom Brady,NE,2011,16.0,401.0,611.0,65.6,5235.0,8.6,39.0,12.0,105.57,43.0,109.0,2.5,3.0,Tom Brady,2013,9.3%
Tom Brady,NE,2012,16.0,401.0,637.0,63.0,4827.0,7.6,34.0,8.0,98.68,23.0,32.0,1.4,4.0,Tom Brady,2013,9.3%
Tom Brady,NE,2013,16.0,380.0,628.0,60.5,4343.0,6.9,25.0,11.0,87.29,33.0,18.0,0.5,0.0,Tom Brady,2013,9.3%
Tom Brady,NE,2014,16.0,374.0,583.0,64.2,4109.0,7.0,33.0,9.0,97.34,36.0,57.0,1.6,0.0,Tom Brady,2016,13.2%
Tom Brady,NE,2015,16.0,402.0,624.0,64.4,4770.0,7.6,36.0,7.0,102.18,34.0,53.0,1.6,3.0,Tom Brady,2016,13.2%
Tom Brady,NE,2016,12.0,291.0,432.0,67.4,3554.0,8.2,28.0,2.0,112.17,28.0,64.0,2.3,0.0,Tom Brady,2016,13.2%
Tom Brady,NE,2017,16.0,385.0,581.0,66.3,4577.0,7.9,32.0,8.0,102.75,25.0,28.0,1.1,0.0,Tom Brady,2019,12.2%
Tom Brady,NE,2018,16.0,375.0,570.0,65.8,4355.0,7.6,29.0,11.0,97.66,23.0,35.0,1.5,2.0,Tom Brady,2019,12.2%
Tom Brady,NE,2019,16.0,373.0,613.0,60.8,4057.0,6.6,24.0,8.0,87.98,26.0,34.0,1.3,3.0,Tom Brady,2019,12.2%
Tom Brady,TB,2020,16.0,401.0,610.0,65.7,4633.0,7.6,40.0,12.0,102.17,30.0,6.0,0.2,3.0,Tom Brady,2020,12.6%
Tom Brady,TB,2021,17.0,485.0,719.0,67.5,5316.0,7.4,43.0,12.0,102.08,28.0,81.0,2.9,2.0,Tom Brady,2021,13.7%
C.J. Beathard,SF,2017,7.0,123.0,224.0,54.9,1430.0,6.4,4.0,6.0,69.23,26.0,136.0,5.2,3.0,C.J. Beathard,2017,0.5%
C.J. Beathard,SF,2018,6.0,102.0,169.0,60.4,1252.0,7.4,8.0,7.0,81.77,19.0,69.0,3.6,1.0,C.J. Beathard,2021,1.4%
Devlin Hodges,PIT,2019,8.0,100.0,160.0,62.5,1063.0,6.6,5.0,8.0,71.43,21.0,68.0,3.2,0.0,Devlin Hodges,2019,0.3%
Devlin Hodges,PIT,2019,8.0,100.0,160.0,62.5,1063.0,6.6,5.0,8.0,71.43,21.0,68.0,3.2,0.0,Devlin Hodges,2019,0.3%
Devlin Hodges,PIT,2019,8.0,100.0,160.0,62.5,1063.0,6.6,5.0,8.0,71.43,21.0,68.0,3.2,0.0,Devlin Hodges,2019,0.1%
Eli Manning,NYG,2010,16.0,339.0,539.0,62.9,4002.0,7.4,31.0,25.0,85.28,32.0,70.0,2.2,0.0,Eli Manning,2015,14.7%
Eli Manning,NYG,2011,16.0,358.0,588.0,60.9,4910.0,8.4,29.0,16.0,92.72,35.0,15.0,0.4,1.0,Eli Manning,2015,14.7%
Eli Manning,NYG,2012,16.0,321.0,536.0,59.9,3948.0,7.4,26.0,15.0,87.19,20.0,30.0,1.5,0.0,Eli Manning,2015,14.7%
Eli Manning,NYG,2013,16.0,317.0,551.0,57.5,3818.0,6.9,18.0,27.0,69.37,18.0,36.0,2.0,0.0,Eli Manning,2015,14.7%
Eli Manning,NYG,2014,16.0,379.0,601.0,63.1,4410.0,7.3,30.0,14.0,92.14,12.0,31.0,2.6,1.0,Eli Manning,2015,14.7%
Eli Manning,NYG,2015,16.0,387.0,618.0,62.6,4432.0,7.2,35.0,14.0,93.59,21.0,70.0,3.3,0.0,Eli Manning,2015,14.7%
Dan Orlovsky,IND,2011,8.0,122.0,193.0,63.2,1201.0,6.2,6.0,4.0,82.42,6.0,5.0,0.8,0.0,Dan Orlovsky,2016,0.7%
Jared Goff,LAR,2016,7.0,112.0,205.0,54.6,1089.0,5.3,5.0,7.0,63.65,8.0,16.0,2.0,1.0,Jared Goff,2016,4.5%
Jared Goff,LAR,2017,15.0,296.0,477.0,62.1,3804.0,8.0,28.0,7.0,100.48,28.0,51.0,1.8,1.0,Jared Goff,2019,17.8%
Jared Goff,LAR,2018,16.0,364.0,561.0,64.9,4688.0,8.4,32.0,12.0,101.07,43.0,108.0,2.5,2.0,Jared Goff,2019,17.8%
Jared Goff,LAR,2019,16.0,394.0,626.0,62.9,4638.0,7.4,22.0,16.0,86.47,33.0,40.0,1.2,2.0,Jared Goff,2019,17.8%
Derek Anderson,ARI,2010,12.0,169.0,327.0,51.7,2065.0,6.3,7.0,10.0,65.86,5.0,25.0,5.0,0.0,Derek Anderson,2011,0.6%
Jason Campbell,LV,2010,13.0,194.0,329.0,59.0,2387.0,7.3,13.0,8.0,84.49,47.0,222.0,4.7,1.0,Jason Campbell,2012,2.9%
Jason Campbell,LV,2011,6.0,100.0,165.0,60.6,1170.0,7.1,6.0,4.0,84.15,18.0,60.0,3.3,2.0,Jason Campbell,2012,2.9%
Jason Campbell,CLE,2013,9.0,180.0,317.0,56.8,2015.0,6.4,11.0,8.0,76.94,14.0,107.0,7.6,0.0,Jason Campbell,2013,1.5%
Drew Stanton,ARI,2014,9.0,132.0,240.0,55.0,1711.0,7.1,7.0,5.0,78.66,25.0,63.0,2.5,0.0,Drew Stanton,2016,2.1%
Drew Stanton,ARI,2017,5.0,79.0,159.0,49.7,894.0,5.6,6.0,5.0,66.39,9.0,7.0,0.8,0.0,Drew Stanton,2018,1.8%
Dak Prescott,DAL,2016,16.0,311.0,459.0,67.8,3667.0,8.0,23.0,4.0,104.91,57.0,282.0,4.9,6.0,Dak Prescott,2016,0.4%
Dak Prescott,DAL,2017,16.0,308.0,490.0,62.9,3324.0,6.8,22.0,13.0,86.64,57.0,357.0,6.3,6.0,Dak Prescott,2020,15.8%
Dak Prescott,DAL,2018,16.0,356.0,526.0,67.7,3884.0,7.4,22.0,8.0,96.86,75.0,305.0,4.1,6.0,Dak Prescott,2020,15.8%
Dak Prescott,DAL,2019,16.0,388.0,596.0,65.1,4902.0,8.2,30.0,11.0,99.69,52.0,277.0,5.3,3.0,Dak Prescott,2020,15.8%
Dak Prescott,DAL,2020,5.0,151.0,222.0,68.0,1856.0,8.4,9.0,4.0,99.61,18.0,93.0,5.2,3.0,Dak Prescott,2020,15.8%
Dak Prescott,DAL,2021,16.0,410.0,596.0,68.8,4449.0,7.5,37.0,10.0,104.22,48.0,146.0,3.0,1.0,Dak Prescott,2021,21.9%
Blake Bortles,JAX,2014,14.0,280.0,475.0,58.9,2907.0,6.1,11.0,17.0,69.51,56.0,419.0,7.5,0.0,Blake Bortles,2014,3.9%
Blake Bortles,JAX,2015,16.0,355.0,606.0,58.6,4428.0,7.3,35.0,18.0,88.22,52.0,310.0,6.0,2.0,Blake Bortles,2018,9.9%
Blake Bortles,JAX,2016,16.0,368.0,625.0,58.9,3905.0,6.2,23.0,16.0,78.78,58.0,359.0,6.2,3.0,Blake Bortles,2018,9.9%
Blake Bortles,JAX,2017,16.0,315.0,523.0,60.2,3687.0,7.0,21.0,13.0,84.68,57.0,322.0,5.6,2.0,Blake Bortles,2018,9.9%
Blake Bortles,JAX,2018,13.0,243.0,403.0,60.3,2718.0,6.7,13.0,11.0,79.81,58.0,365.0,6.3,1.0,Blake Bortles,2018,9.9%
Brock Purdy,SF,2022,9.0,114.0,170.0,67.1,1374.0,8.1,13.0,4.0,107.33,22.0,13.0,0.6,1.0,Brock Purdy,2022,0.4%
Jeff Driskel,CIN,2018,9.0,105.0,176.0,59.7,1003.0,5.7,6.0,2.0,82.17,25.0,130.0,5.2,2.0,Jeff Driskel,2019,0.3%
Kenny Pickett,PIT,2022,13.0,245.0,389.0,63.0,2404.0,6.2,7.0,9.0,76.68,55.0,237.0,4.3,3.0,Kenny Pickett,2022,1.7%
Kyle Allen,CAR,2019,13.0,303.0,489.0,62.0,3322.0,6.8,17.0,16.0,79.98,32.0,106.0,3.3,2.0,Kyle Allen,2020,0.3%
Christian Ponder,MIN,2011,11.0,158.0,291.0,54.3,1853.0,6.4,13.0,13.0,70.14,28.0,219.0,7.8,0.0,Christian Ponder,2011,2.1%
Christian Ponder,MIN,2012,16.0,300.0,483.0,62.1,2935.0,6.1,18.0,12.0,81.23,60.0,253.0,4.2,2.0,Christian Ponder,2015,1.6%
Christian Ponder,MIN,2013,9.0,152.0,239.0,63.6,1648.0,6.9,7.0,9.0,77.89,34.0,151.0,4.4,4.0,Christian Ponder,2015,1.6%
Shaun Hill,DET,2010,11.0,257.0,416.0,61.8,2686.0,6.5,16.0,12.0,81.27,22.0,123.0,5.6,0.0,Shaun Hill,2012,2.3%
Shaun Hill,LAR,2014,9.0,145.0,229.0,63.3,1657.0,7.2,8.0,7.0,83.91,10.0,10.0,1.0,1.0,Shaun Hill,2014,1.3%
Matt Cassel,KC,2010,15.0,262.0,450.0,58.2,3116.0,6.9,27.0,7.0,92.97,33.0,125.0,3.8,0.0,Matt Cassel,2013,3.0%
Matt Cassel,KC,2011,9.0,160.0,269.0,59.5,1713.0,6.4,10.0,9.0,76.63,25.0,99.0,4.0,0.0,Matt Cassel,2013,3.0%
Matt Cassel,KC,2012,9.0,161.0,277.0,58.1,1796.0,6.5,6.0,12.0,66.7,27.0,145.0,5.4,1.0,Matt Cassel,2013,3.0%
Matt Cassel,MIN,2013,9.0,153.0,254.0,60.2,1807.0,7.1,11.0,9.0,81.59,18.0,57.0,3.2,1.0,Matt Cassel,2013,3.0%
Matt Cassel,DAL,2015,10.0,119.0,204.0,58.3,1276.0,6.3,5.0,7.0,70.63,15.0,78.0,5.2,0.0,Matt Cassel,2015,1.4%
Matt Cassel,DAL,2015,10.0,119.0,204.0,58.3,1276.0,6.3,5.0,7.0,70.63,15.0,78.0,5.2,0.0,Matt Cassel,2015,1.4%
Baker Mayfield,CLE,2018,14.0,310.0,486.0,63.8,3725.0,7.7,27.0,14.0,93.69,39.0,131.0,3.4,0.0,Baker Mayfield,2018,4.6%
Baker Mayfield,CLE,2019,16.0,317.0,534.0,59.4,3827.0,7.2,22.0,21.0,78.76,28.0,141.0,5.0,3.0,Baker Mayfield,2022,7.4%
Baker Mayfield,CLE,2020,16.0,305.0,486.0,62.8,3563.0,7.3,26.0,8.0,95.9,54.0,165.0,3.1,1.0,Baker Mayfield,2022,7.4%
Baker Mayfield,CLE,2021,14.0,253.0,418.0,60.5,3010.0,7.2,17.0,13.0,83.12,37.0,134.0,3.6,1.0,Baker Mayfield,2022,7.4%
Baker Mayfield,LAR,2022,12.0,201.0,335.0,60.0,2163.0,6.5,10.0,8.0,78.99,31.0,89.0,2.9,1.0,Baker Mayfield,2022,7.4%
Jacoby Brissett,IND,2017,16.0,276.0,469.0,58.8,3098.0,6.6,13.0,7.0,81.67,63.0,260.0,4.1,4.0,Jacoby Brissett,2019,14.9%
Jacoby Brissett,IND,2019,15.0,272.0,447.0,60.9,2942.0,6.6,18.0,6.0,88.05,56.0,228.0,4.1,4.0,Jacoby Brissett,2019,14.9%
Jacoby Brissett,MIA,2021,11.0,141.0,225.0,62.7,1283.0,5.7,5.0,4.0,78.06,19.0,70.0,3.7,1.0,Jacoby Brissett,2021,2.7%
Jacoby Brissett,CLE,2022,16.0,236.0,369.0,64.0,2608.0,7.1,12.0,6.0,88.89,49.0,243.0,5.0,2.0,Jacoby Brissett,2022,2.2%
Mike Glennon,TB,2013,13.0,247.0,416.0,59.4,2608.0,6.3,19.0,9.0,83.89,27.0,37.0,1.4,0.0,Mike Glennon,2013,0.6%
Mike Glennon,TB,2014,6.0,117.0,203.0,57.6,1417.0,7.0,10.0,6.0,83.3,10.0,49.0,4.9,0.0,Mike Glennon,2017,9.0%
Mike Glennon,CHI,2017,4.0,93.0,140.0,66.4,833.0,6.0,4.0,5.0,76.88,4.0,4.0,1.0,0.0,Mike Glennon,2017,9.0%
Mike Glennon,JAX,2020,5.0,111.0,179.0,62.0,1072.0,6.0,7.0,5.0,80.11,6.0,17.0,2.8,0.0,Mike Glennon,2020,0.6%
Mike Glennon,JAX,2020,5.0,111.0,179.0,62.0,1072.0,6.0,7.0,5.0,80.11,6.0,17.0,2.8,0.0,Mike Glennon,2020,0.6%
Mike Glennon,JAX,2020,5.0,111.0,179.0,62.0,1072.0,6.0,7.0,5.0,80.11,6.0,17.0,2.8,0.0,Mike Glennon,2020,0.1%
Mike Glennon,NYG,2021,6.0,90.0,167.0,53.9,790.0,4.7,4.0,10.0,49.74,7.0,33.0,4.7,1.0,Mike Glennon,2021,0.8%
Justin Herbert,LAC,2020,15.0,396.0,595.0,66.6,4336.0,7.3,31.0,10.0,98.27,55.0,234.0,4.3,5.0,Justin Herbert,2020,3.4%
Mike White,NYJ,2021,4.0,88.0,132.0,66.7,953.0,7.2,5.0,8.0,75.09,5.0,-1.0,-0.2,0.0,Mike White,2021,0.5%
Mike White,NYJ,2022,4.0,103.0,175.0,58.9,1192.0,6.8,3.0,4.0,75.7,6.0,9.0,1.5,1.0,Mike White,2022,1.2%
Tyler Huntley,BAL,2021,7.0,122.0,188.0,64.9,1081.0,5.8,3.0,4.0,76.57,47.0,294.0,6.3,2.0,Tyler Huntley,2021,0.4%
Cooper Rush,DAL,2022,9.0,94.0,162.0,58.0,1051.0,6.5,5.0,3.0,80.04,9.0,6.0,0.7,0.0,Cooper Rush,2022,0.5%
Cooper Rush,DAL,2022,9.0,94.0,162.0,58.0,1051.0,6.5,5.0,3.0,80.04,9.0,6.0,0.7,0.0,Cooper Rush,2022,0.2%
Cooper Rush,DAL,2022,9.0,94.0,162.0,58.0,1051.0,6.5,5.0,3.0,80.04,9.0,6.0,0.7,0.0,Cooper Rush,2022,0.2%
Charlie Whitehurst,TEN,2014,7.0,105.0,185.0,56.8,1326.0,7.2,7.0,2.0,87.35,20.0,90.0,4.5,0.0,Charlie Whitehurst,2014,1.5%
Matt Ryan,ATL,2010,16.0,357.0,571.0,62.5,3705.0,6.5,28.0,9.0,91.0,46.0,122.0,2.7,0.0,Matt Ryan,2013,16.9%
Matt Ryan,ATL,2011,16.0,347.0,566.0,61.3,4177.0,7.4,29.0,12.0,92.17,37.0,84.0,2.3,2.0,Matt Ryan,2013,16.9%
Matt Ryan,ATL,2012,16.0,422.0,615.0,68.6,4719.0,7.7,32.0,14.0,99.1,34.0,141.0,4.1,1.0,Matt Ryan,2013,16.9%
Matt Ryan,ATL,2013,16.0,439.0,651.0,67.4,4515.0,6.9,26.0,17.0,89.61,17.0,55.0,3.2,0.0,Matt Ryan,2013,16.9%
Matt Ryan,ATL,2014,16.0,415.0,628.0,66.1,4694.0,7.5,28.0,14.0,93.87,29.0,145.0,5.0,0.0,Matt Ryan,2018,16.9%
Matt Ryan,ATL,2015,16.0,407.0,614.0,66.3,4591.0,7.5,21.0,16.0,89.02,37.0,63.0,1.7,0.0,Matt Ryan,2018,16.9%
Matt Ryan,ATL,2016,16.0,373.0,534.0,69.9,4944.0,9.3,38.0,7.0,117.13,35.0,117.0,3.3,0.0,Matt Ryan,2018,16.9%
Matt Ryan,ATL,2017,16.0,342.0,529.0,64.7,4095.0,7.7,20.0,12.0,91.36,32.0,143.0,4.5,0.0,Matt Ryan,2018,16.9%
Matt Ryan,ATL,2018,16.0,422.0,608.0,69.4,4924.0,8.1,35.0,7.0,108.06,33.0,125.0,3.8,3.0,Matt Ryan,2018,16.9%
Ryan Tannehill,MIA,2012,16.0,282.0,484.0,58.3,3294.0,6.8,12.0,13.0,76.07,49.0,211.0,4.3,2.0,Ryan Tannehill,2012,2.6%
Ryan Tannehill,MIA,2013,16.0,355.0,588.0,60.4,3913.0,6.7,24.0,17.0,81.68,40.0,238.0,6.0,1.0,Ryan Tannehill,2015,13.4%
Ryan Tannehill,MIA,2014,16.0,392.0,590.0,66.4,4045.0,6.9,27.0,12.0,92.8,56.0,311.0,5.6,1.0,Ryan Tannehill,2015,13.4%
Ryan Tannehill,MIA,2015,16.0,363.0,586.0,61.9,4208.0,7.2,24.0,12.0,88.74,32.0,141.0,4.4,1.0,Ryan Tannehill,2015,13.4%
Ryan Tannehill,MIA,2016,13.0,261.0,389.0,67.1,2995.0,7.7,19.0,12.0,93.5,39.0,164.0,4.2,1.0,Ryan Tannehill,2019,3.7%
Ryan Tannehill,MIA,2018,11.0,176.0,274.0,64.2,1979.0,7.2,17.0,9.0,92.7,32.0,145.0,4.5,0.0,Ryan Tannehill,2019,3.7%
Ryan Tannehill,TEN,2019,12.0,201.0,286.0,70.3,2742.0,9.6,22.0,6.0,117.5,43.0,185.0,4.3,4.0,Ryan Tannehill,2019,3.7%
Ryan Tannehill,TEN,2020,16.0,315.0,481.0,65.5,3819.0,7.9,33.0,7.0,106.54,43.0,266.0,6.2,7.0,Ryan Tannehill,2020,14.9%
Dwayne Haskins,WAS,2019,9.0,119.0,203.0,58.6,1365.0,6.7,7.0,7.0,76.08,20.0,101.0,5.0,0.0,Dwayne Haskins,2019,1.9%
Dwayne Haskins,WAS,2020,7.0,148.0,241.0,61.4,1439.0,6.0,5.0,7.0,72.95,20.0,46.0,2.3,1.0,Dwayne Haskins,2021,0.5%
Peyton Manning,IND,2010,16.0,450.0,680.0,66.2,4700.0,6.9,33.0,17.0,91.79,18.0,18.0,1.0,0.0,Peyton Manning,2011,15.0%
Peyton Manning,DEN,2012,16.0,400.0,583.0,68.6,4659.0,8.0,37.0,11.0,105.85,23.0,6.0,0.3,0.0,Peyton Manning,2012,15.9%
Peyton Manning,DEN,2013,16.0,450.0,659.0,68.3,5477.0,8.3,55.0,10.0,115.11,32.0,-31.0,-1.0,1.0,Peyton Manning,2015,11.9%
Peyton Manning,DEN,2014,16.0,395.0,597.0,66.2,4727.0,7.9,39.0,15.0,101.52,24.0,-24.0,-1.0,0.0,Peyton Manning,2015,11.9%
Peyton Manning,DEN,2015,10.0,198.0,331.0,59.8,2249.0,6.8,9.0,17.0,67.91,6.0,-6.0,-1.0,0.0,Peyton Manning,2015,11.9%
Case Keenum,HOU,2013,8.0,137.0,253.0,54.2,1760.0,7.0,9.0,6.0,78.17,14.0,72.0,5.1,1.0,Case Keenum,2013,0.4%
Case Keenum,LAR,2015,6.0,76.0,125.0,60.8,828.0,6.6,4.0,1.0,87.68,12.0,5.0,0.4,0.0,Case Keenum,2015,0.4%
Case Keenum,LAR,2015,6.0,76.0,125.0,60.8,828.0,6.6,4.0,1.0,87.68,12.0,5.0,0.4,0.0,Case Keenum,2015,0.4%
Case Keenum,LAR,2016,10.0,196.0,322.0,60.9,2201.0,6.8,9.0,11.0,76.37,20.0,51.0,2.6,1.0,Case Keenum,2017,1.2%
Case Keenum,MIN,2017,15.0,325.0,481.0,67.6,3547.0,7.4,22.0,7.0,98.3,40.0,160.0,4.0,1.0,Case Keenum,2017,1.2%
Case Keenum,DEN,2018,16.0,365.0,586.0,62.3,3890.0,6.6,18.0,15.0,81.22,26.0,93.0,3.6,2.0,Case Keenum,2018,10.2%
Case Keenum,WAS,2019,10.0,160.0,247.0,64.8,1707.0,6.9,11.0,5.0,91.27,9.0,12.0,1.3,1.0,Case Keenum,2019,4.0%
Matt McGloin,LV,2013,7.0,118.0,211.0,55.9,1547.0,7.3,8.0,8.0,76.08,11.0,27.0,2.5,0.0,Matt McGloin,2013,0.4%
Zach Mettenberger,TEN,2014,7.0,107.0,179.0,59.8,1412.0,7.9,8.0,7.0,83.37,5.0,4.0,0.8,0.0,Zach Mettenberger,2014,0.4%
Joe Burrow,CIN,2020,10.0,264.0,404.0,65.3,2688.0,6.7,13.0,5.0,89.83,37.0,142.0,3.8,3.0,Joe Burrow,2020,4.6%
Jimmy Clausen,CAR,2010,13.0,157.0,299.0,52.5,1558.0,5.2,3.0,9.0,58.35,23.0,57.0,2.5,0.0,Jimmy Clausen,2015,0.8%
Jimmy Clausen,BAL,2015,4.0,72.0,125.0,57.6,739.0,5.9,2.0,4.0,66.72,11.0,36.0,3.3,0.0,Jimmy Clausen,2015,0.8%
Nick Foles,PHI,2012,7.0,161.0,265.0,60.8,1699.0,6.4,6.0,5.0,79.11,11.0,42.0,3.8,1.0,Nick Foles,2012,0.6%
Nick Foles,PHI,2013,13.0,203.0,317.0,64.0,2891.0,9.1,27.0,2.0,119.21,57.0,221.0,3.9,3.0,Nick Foles,2015,8.5%
Nick Foles,PHI,2014,8.0,187.0,312.0,59.9,2163.0,6.9,13.0,10.0,81.45,16.0,68.0,4.2,0.0,Nick Foles,2015,8.5%
Nick Foles,LAR,2015,11.0,190.0,337.0,56.4,2052.0,6.1,7.0,10.0,69.0,17.0,20.0,1.2,1.0,Nick Foles,2015,8.5%
Nick Foles,PHI,2018,5.0,141.0,195.0,72.3,1413.0,7.2,7.0,4.0,95.95,9.0,17.0,1.9,0.0,Nick Foles,2018,8.2%
Nick Foles,CHI,2020,9.0,202.0,312.0,64.7,1852.0,5.9,10.0,8.0,80.77,16.0,1.0,0.1,1.0,Nick Foles,2020,4.0%
Deshaun Watson,HOU,2017,7.0,126.0,204.0,61.8,1699.0,8.3,19.0,8.0,102.96,36.0,269.0,7.5,2.0,Deshaun Watson,2017,2.1%
Deshaun Watson,HOU,2018,16.0,345.0,505.0,68.3,4165.0,8.2,26.0,9.0,103.11,99.0,551.0,5.6,5.0,Deshaun Watson,2020,19.7%
Deshaun Watson,HOU,2019,15.0,333.0,495.0,67.3,3852.0,7.8,26.0,12.0,97.98,82.0,413.0,5.0,7.0,Deshaun Watson,2020,19.7%
Deshaun Watson,HOU,2020,16.0,382.0,544.0,70.2,4823.0,8.9,33.0,7.0,112.4,90.0,444.0,4.9,3.0,Deshaun Watson,2020,19.7%
Deshaun Watson,CLE,2022,6.0,99.0,170.0,58.2,1102.0,6.5,7.0,5.0,79.09,36.0,175.0,4.9,1.0,Deshaun Watson,2022,22.1%
Tom Savage,HOU,2017,8.0,125.0,223.0,56.1,1412.0,6.3,5.0,6.0,71.44,4.0,2.0,0.5,0.0,Tom Savage,2018,0.8%
Josh Allen,BUF,2018,12.0,169.0,320.0,52.8,2074.0,6.5,10.0,12.0,67.89,89.0,631.0,7.1,8.0,Josh Allen,2018,3.0%
Josh Allen,BUF,2019,16.0,271.0,461.0,58.8,3089.0,6.7,20.0,9.0,85.32,109.0,510.0,4.7,9.0,Josh Allen,2021,23.6%
Josh Allen,BUF,2020,16.0,396.0,572.0,69.2,4544.0,7.9,37.0,10.0,107.15,102.0,421.0,4.1,8.0,Josh Allen,2021,23.6%
Josh Allen,BUF,2021,17.0,409.0,646.0,63.3,4407.0,6.8,36.0,15.0,92.17,122.0,763.0,6.3,6.0,Josh Allen,2021,23.6%
Tyrod Taylor,BUF,2015,14.0,242.0,380.0,63.7,3035.0,8.0,20.0,6.0,99.4,104.0,568.0,5.5,4.0,Tyrod Taylor,2015,0.8%
Tyrod Taylor,BUF,2016,15.0,270.0,437.0,61.8,3023.0,6.9,17.0,6.0,89.64,95.0,580.0,6.1,6.0,Tyrod Taylor,2016,11.6%
Tyrod Taylor,BUF,2017,15.0,263.0,420.0,62.6,2799.0,6.7,14.0,4.0,89.18,84.0,427.0,5.1,4.0,Tyrod Taylor,2017,9.1%
Tyrod Taylor,HOU,2021,6.0,91.0,150.0,60.7,966.0,6.4,5.0,5.0,76.69,19.0,151.0,7.9,3.0,Tyrod Taylor,2021,3.0%
Ryan Fitzpatrick,BUF,2010,13.0,255.0,441.0,57.8,3000.0,6.8,23.0,15.0,81.83,41.0,271.0,6.6,0.0,Ryan Fitzpatrick,2011,8.2%
Ryan Fitzpatrick,BUF,2011,16.0,353.0,569.0,62.0,3832.0,6.7,24.0,23.0,79.06,56.0,208.0,3.7,0.0,Ryan Fitzpatrick,2011,8.2%
Ryan Fitzpatrick,BUF,2012,16.0,306.0,505.0,60.6,3400.0,6.7,24.0,16.0,83.27,48.0,197.0,4.1,1.0,Ryan Fitzpatrick,2013,2.6%
Ryan Fitzpatrick,TEN,2013,11.0,217.0,350.0,62.0,2454.0,7.0,14.0,12.0,82.01,43.0,225.0,5.2,3.0,Ryan Fitzpatrick,2013,2.6%
Ryan Fitzpatrick,HOU,2014,12.0,197.0,312.0,63.1,2483.0,8.0,17.0,8.0,95.34,50.0,184.0,3.7,2.0,Ryan Fitzpatrick,2014,2.7%
Ryan Fitzpatrick,NYJ,2015,16.0,335.0,562.0,59.6,3905.0,6.9,31.0,15.0,87.97,60.0,270.0,4.5,2.0,Ryan Fitzpatrick,2016,7.7%
Ryan Fitzpatrick,NYJ,2016,14.0,228.0,403.0,56.6,2710.0,6.7,12.0,17.0,69.6,33.0,130.0,3.9,0.0,Ryan Fitzpatrick,2016,7.7%
Ryan Fitzpatrick,TB,2017,6.0,96.0,163.0,58.9,1103.0,6.8,7.0,3.0,86.0,15.0,78.0,5.2,0.0,Ryan Fitzpatrick,2017,1.8%
Ryan Fitzpatrick,TB,2018,8.0,164.0,246.0,66.7,2366.0,9.6,17.0,12.0,100.42,36.0,152.0,4.2,2.0,Ryan Fitzpatrick,2018,1.9%
Ryan Fitzpatrick,MIA,2019,15.0,311.0,502.0,62.0,3529.0,7.0,20.0,13.0,85.49,54.0,243.0,4.5,4.0,Ryan Fitzpatrick,2019,2.9%
Ryan Fitzpatrick,MIA,2020,9.0,183.0,267.0,68.5,2091.0,7.8,13.0,8.0,95.58,30.0,151.0,5.0,2.0,Ryan Fitzpatrick,2021,5.5%
Trevor Lawrence,JAX,2021,17.0,359.0,602.0,59.6,3641.0,6.0,12.0,17.0,71.86,73.0,334.0,4.6,2.0,Trevor Lawrence,2021,5.0%
Ryan Mallett,BAL,2015,8.0,136.0,244.0,55.7,1336.0,5.5,5.0,6.0,67.93,5.0,15.0,3.0,1.0,Ryan Mallett,2015,2.4%
Ryan Mallett,BAL,2015,8.0,136.0,244.0,55.7,1336.0,5.5,5.0,6.0,67.93,5.0,15.0,3.0,1.0,Ryan Mallett,2015,0.8%
Derek Carr,LV,2014,16.0,348.0,599.0,58.1,3270.0,5.5,21.0,12.0,76.58,30.0,87.0,2.9,0.0,Derek Carr,2014,1.0%
Derek Carr,LV,2015,16.0,350.0,573.0,61.1,3987.0,7.0,32.0,13.0,91.14,34.0,138.0,4.1,0.0,Derek Carr,2017,15.0%
Derek Carr,LV,2016,15.0,356.0,559.0,63.7,3933.0,7.0,28.0,6.0,96.69,38.0,69.0,1.8,0.0,Derek Carr,2017,15.0%
Derek Carr,LV,2017,15.0,323.0,515.0,62.7,3496.0,6.8,22.0,13.0,86.36,23.0,66.0,2.9,0.0,Derek Carr,2017,15.0%
Derek Carr,LV,2018,16.0,381.0,553.0,68.9,4049.0,7.3,19.0,10.0,93.92,24.0,47.0,2.0,1.0,Derek Carr,2022,19.4%
Derek Carr,LV,2019,16.0,361.0,513.0,70.4,4054.0,7.9,21.0,8.0,100.8,27.0,82.0,3.0,2.0,Derek Carr,2022,19.4%
Derek Carr,LV,2020,16.0,348.0,517.0,67.3,4103.0,7.9,27.0,9.0,101.4,39.0,140.0,3.6,3.0,Derek Carr,2022,19.4%
Derek Carr,LV,2021,17.0,428.0,626.0,68.4,4804.0,7.7,23.0,14.0,93.96,40.0,108.0,2.7,0.0,Derek Carr,2022,19.4%
Derek Carr,LV,2022,15.0,305.0,502.0,60.8,3522.0,7.0,24.0,14.0,86.26,24.0,102.0,4.2,0.0,Derek Carr,2022,19.4%
Ben Roethlisberger,PIT,2010,12.0,240.0,389.0,61.7,3200.0,8.2,17.0,5.0,96.98,33.0,176.0,5.3,2.0,Ben Roethlisberger,2015,15.2%
Ben Roethlisberger,PIT,2011,15.0,324.0,513.0,63.2,4077.0,7.9,21.0,14.0,90.1,31.0,70.0,2.3,0.0,Ben Roethlisberger,2015,15.2%
Ben Roethlisberger,PIT,2012,13.0,284.0,449.0,63.3,3265.0,7.3,26.0,8.0,96.97,26.0,92.0,3.5,0.0,Ben Roethlisberger,2015,15.2%
Ben Roethlisberger,PIT,2013,16.0,375.0,584.0,64.2,4261.0,7.3,28.0,14.0,91.99,26.0,99.0,3.8,1.0,Ben Roethlisberger,2015,15.2%
Ben Roethlisberger,PIT,2014,16.0,408.0,608.0,67.1,4952.0,8.1,32.0,9.0,103.32,32.0,27.0,0.8,0.0,Ben Roethlisberger,2015,15.2%
Ben Roethlisberger,PIT,2015,12.0,319.0,469.0,68.0,3938.0,8.4,21.0,16.0,94.46,15.0,29.0,1.9,0.0,Ben Roethlisberger,2015,15.2%
Ben Roethlisberger,PIT,2016,14.0,328.0,509.0,64.4,3819.0,7.5,29.0,13.0,95.4,16.0,14.0,0.9,1.0,Ben Roethlisberger,2019,18.1%
Ben Roethlisberger,PIT,2017,15.0,360.0,561.0,64.2,4251.0,7.6,28.0,14.0,93.37,28.0,47.0,1.7,0.0,Ben Roethlisberger,2019,18.1%
Ben Roethlisberger,PIT,2018,16.0,452.0,675.0,67.0,5129.0,7.6,34.0,16.0,96.46,31.0,98.0,3.2,3.0,Ben Roethlisberger,2019,18.1%
Ben Roethlisberger,PIT,2020,15.0,399.0,608.0,65.6,3803.0,6.3,33.0,10.0,94.07,25.0,11.0,0.4,0.0,Ben Roethlisberger,2021,7.7%
Ben Roethlisberger,PIT,2021,16.0,390.0,605.0,64.5,3740.0,6.2,22.0,10.0,86.79,20.0,5.0,0.2,1.0,Ben Roethlisberger,2021,7.7%
